flux_original	flux_modified	delta_flux	abs_delta_flux
0.0	39.14085027949065	39.14085027949065	39.14085027949065
0.0	39.14085027949065	39.14085027949065	39.14085027949065
23.760608472209604	0.0	-23.760608472209604	23.760608472209604
-35.15238879765519	-49.76201744031466	-14.609628642659466	14.609628642659466
28.837363608056645	40.4511681303463	11.613804522289659	11.613804522289659
-28.837363608056645	-40.4511681303463	-11.613804522289659	11.613804522289659
14.51365694074598	24.941756815529875	10.428099874783895	10.428099874783895
-13.080337091227992	-22.95717158208684	-9.876834490858847	9.876834490858847
13.080337091227992	22.95717158208684	9.876834490858847	9.876834490858847
-13.080337091227992	-22.95717158208684	-9.876834490858847	9.876834490858847
12.156170428444868	19.99780691880308	7.84163649035821	7.84163649035821
12.158424283614247	20.000000000000004	7.841575716385757	7.841575716385757
-12.158424283614245	-20.0	-7.841575716385755	7.841575716385755
33.006104406733776	26.773383503601828	-6.232720903131948	6.232720903131948
0.5946286923250175	-4.910652039473955	-5.5052807317989725	5.5052807317989725
-4.885603701943085	0.0	4.885603701943085	4.885603701943085
8.698303539056315	13.548596293454379	4.850292754398064	4.850292754398064
5.452675372096661	9.29433527565961	3.841659903562948	3.841659903562948
5.452675372096661	9.29433527565961	3.841659903562948	3.841659903562948
-1.3497963685445757	-5.146947016938756	-3.7971506483941804	3.7971506483941804
0.0	3.698516026070209	3.698516026070209	3.698516026070209
0.0	3.696010793280058	3.696010793280058	3.696010793280058
5.320595193005485	8.890990905540507	3.5703957125350216	3.5703957125350216
-5.320595193005486	-8.890990905540507	-3.5703957125350207	3.5703957125350207
6.3	9.843986597356867	3.5439865973568674	3.5439865973568674
-6.3	-9.843986597356867	-3.5439865973568674	3.5439865973568674
1.4768347993049304	4.9821448715631895	3.505310072258259	3.505310072258259
1.4768347993049304	4.982144871563189	3.505310072258258	3.505310072258258
2.248398771992722	5.732904043543	3.484505271550278	3.484505271550278
-5.890400214146125	-8.992979945072996	-3.1025797309268706	3.1025797309268706
5.890400214146125	8.992979945072994	3.102579730926869	3.102579730926869
4.17655936362997	7.199675746420613	3.0231163827906435	3.0231163827906435
-4.17655936362997	-7.199675746420613	-3.0231163827906435	3.0231163827906435
6.299999999999999	9.29433527565961	2.99433527565961	2.99433527565961
6.300000000000001	9.29433527565961	2.9943352756596084	2.9943352756596084
6.300000000000001	9.29433527565961	2.9943352756596084	2.9943352756596084
0.0	-2.09146043147609	-2.09146043147609	2.09146043147609
0.0	-2.09146043147609	-2.09146043147609	2.09146043147609
0.0	2.09146043147609	2.09146043147609	2.09146043147609
-0.2388033749476889	-2.3238246039725903	-2.0850212290249015	2.0850212290249015
0.6251178646917175	2.6997223346995654	2.0746044700078476	2.0746044700078476
0.6251178646917175	2.6997223346995645	2.0746044700078468	2.0746044700078468
-0.6251178646917175	-2.6997223346995645	-2.0746044700078468	2.0746044700078468
2.913117234987297	4.969114597285054	2.0559973622977568	2.0559973622977568
3.589825478460143	5.636895855437896	2.0470703769777527	2.0470703769777527
3.6884942151063718	5.732904043543001	2.044409828436629	2.044409828436629
3.6884942151063718	5.732904043543001	2.044409828436629	2.044409828436629
3.6884942151063718	5.732904043543001	2.044409828436629	2.044409828436629
6.533780503255595	8.449061115491698	1.9152806122361037	1.9152806122361037
6.533780503255595	8.449061115491698	1.9152806122361037	1.9152806122361037
-6.533780503255594	-8.449061115491697	-1.9152806122361028	1.9152806122361028
1.7217714832090045	0.0	-1.7217714832090045	1.7217714832090045
3.640608042346479	5.286785721043562	1.6461776786970828	1.6461776786970828
1.4406429855147078	0.0	-1.4406429855147078	1.4406429855147078
1.440095443113649	0.0	-1.440095443113649	1.440095443113649
0.0	1.4017968350126586	1.4017968350126586	1.4017968350126586
7.221468739751385	8.566451421891193	1.3449826821398077	1.3449826821398077
7.221468739751385	8.566451421891191	1.3449826821398059	1.3449826821398059
0.0	1.3095817563085175	1.3095817563085175	1.3095817563085175
0.0	1.3095817563085175	1.3095817563085175	1.3095817563085175
0.0	1.3095817563085175	1.3095817563085175	1.3095817563085175
0.8473246279033391	0.0	-0.8473246279033391	0.8473246279033391
0.0	-0.7976344152887558	-0.7976344152887558	0.7976344152887558
0.0	-0.7976344152887558	-0.7976344152887558	0.7976344152887558
0.0	0.7976344152887558	0.7976344152887558	0.7976344152887558
0.0	0.7541445833569589	0.7541445833569589	0.7541445833569589
0.8273156975489682	0.07355345618801076	-0.7537622413609574	0.7537622413609574
0.32152217689776197	1.0669970905314057	0.7454749136336437	0.7454749136336437
5.0304684639748505	5.636895855437896	0.6064273914630451	0.6064273914630451
0.5850085423039233	0.0	-0.5850085423039233	0.5850085423039233
0.0	0.5752513735690744	0.5752513735690744	0.5752513735690744
0.0	-0.569234106785941	-0.569234106785941	0.569234106785941
0.000352956144180191	0.5695775456606554	0.5692245895164753	0.5692245895164753
0.000352956144180191	0.5695775456606554	0.5692245895164753	0.5692245895164753
0.08060413426880671	-0.4712206338425705	-0.5518247681113773	0.5518247681113773
-0.021351698294186146	0.5288753602745591	0.5502270585687452	0.5502270585687452
0.0	0.549651321697258	0.549651321697258	0.549651321697258
0.0	0.549651321697258	0.549651321697258	0.549651321697258
1.144035829375516	1.6913151591198938	0.5472793297443779	0.5472793297443779
1.144035829375516	1.6913151591198938	0.5472793297443779	0.5472793297443779
1.144035829375516	1.6913151591198938	0.5472793297443779	0.5472793297443779
-2.2394556359800073	-1.8271037727534472	0.41235186322656014	0.41235186322656014
0.3617197413907845	0.0	-0.3617197413907845	0.3617197413907845
-0.7552233308858516	-0.4600334858018866	0.295189845083965	0.295189845083965
0.0	0.28841505430262915	0.28841505430262915	0.28841505430262915
0.1702147885819282	-0.10920062098405194	-0.27941540956598016	0.27941540956598016
0.15953893943483516	-0.11958860169540143	-0.2791275411302366	0.2791275411302366
-0.0896106543131215	-0.36202001285851865	-0.27240935854539716	0.27240935854539716
0.26449681960688903	0.0	-0.26449681960688903	0.26449681960688903
0.0	0.2532394394334182	0.2532394394334182	0.2532394394334182
0.17428360562835796	0.0	-0.17428360562835796	0.17428360562835796
0.17428360562835793	0.0	-0.17428360562835793	0.17428360562835793
0.7421624189592605	0.5688239196389291	-0.1733384993203314	0.1733384993203314
0.7421624189592604	0.5688239196389291	-0.1733384993203313	0.1733384993203313
0.0	0.16958414348378012	0.16958414348378012	0.16958414348378012
0.0	0.163072377522181	0.163072377522181	0.163072377522181
0.16161094546036475	0.0	-0.16161094546036475	0.16161094546036475
0.16161094546036475	0.0	-0.16161094546036475	0.16161094546036475
0.16161094546036472	0.0	-0.16161094546036472	0.16161094546036472
0.16161094546036472	0.0	-0.16161094546036472	0.16161094546036472
0.1575761963547594	0.0	-0.1575761963547594	0.1575761963547594
0.0	0.15725319466904863	0.15725319466904863	0.15725319466904863
0.15524914115026117	0.0	-0.15524914115026117	0.15524914115026117
0.23814841111144527	0.3889800640710798	0.15083165295963455	0.15083165295963455
-0.23814841111144527	-0.38898006407107977	-0.1508316529596345	0.1508316529596345
0.23814841111144533	0.3889800640710798	0.1508316529596345	0.1508316529596345
0.23814841111144533	0.3889800640710798	0.1508316529596345	0.1508316529596345
-0.23814841111144533	-0.38898006407107977	-0.15083165295963444	0.15083165295963444
0.14211917258681406	0.0	-0.14211917258681406	0.14211917258681406
0.0	0.13828700679484257	0.13828700679484257	0.13828700679484257
0.11200802354923929	0.0	-0.11200802354923929	0.11200802354923929
0.11200802354923929	0.0	-0.11200802354923929	0.11200802354923929
0.11200802354923928	0.0	-0.11200802354923928	0.11200802354923928
0.0	0.10898778842924153	0.10898778842924153	0.10898778842924153
0.03455348576006302	0.14260955833624325	0.10805607257618023	0.10805607257618023
0.09729865297013429	0.0	-0.09729865297013429	0.09729865297013429
0.09729865297013429	0.0	-0.09729865297013429	0.09729865297013429
0.0	0.09467504798616008	0.09467504798616008	0.09467504798616008
0.06674085070505283	0.0	-0.06674085070505283	0.06674085070505283
1.4418688175494123	1.4029896131566435	-0.03887920439276882	0.03887920439276882
-1.341974248868479	-1.305788646907553	0.036185601960925906	0.036185601960925906
1.1873094803254796	1.1552943292929374	-0.032015151032542155	0.032015151032542155
1.1871535657852679	1.1551426189030636	-0.032010946882204294	0.032010946882204294
1.030749797666008	1.0029561928847406	-0.027793604781267467	0.027793604781267467
-0.4167374678620267	-0.3896579825455153	0.027079485316511387	0.027079485316511387
0.029933136373553746	0.013283618388938169	-0.01664951798461558	0.01664951798461558
0.6138367724869521	0.5972849995026156	-0.01655177298433652	0.01655177298433652
-0.01628140655344392	0.0	0.01628140655344392	0.01628140655344392
0.01628140655344392	0.0	-0.01628140655344392	0.01628140655344392
0.0	-0.015842387326807376	-0.015842387326807376	0.015842387326807376
-0.5646451212135075	-0.5494197742124057	0.015225347001101786	0.015225347001101786
0.5646451212135075	0.5494197742124058	-0.015225347001101674	0.015225347001101674
0.5699830457870542	0.5553257282874876	-0.014657317499566558	0.014657317499566558
0.42636120078107737	0.41486460409452514	-0.01149659668655223	0.01149659668655223
0.010694878087040168	0.0	-0.010694878087040168	0.010694878087040168
-0.3859615335998484	-0.37555429185226014	0.01040724174758828	0.01040724174758828
0.38596153359984847	0.3755542918522602	-0.01040724174758828	0.01040724174758828
0.3859615335998484	0.3755542918522602	-0.010407241747588225	0.010407241747588225
0.3859615335998484	0.3755542918522602	-0.010407241747588225	0.010407241747588225
0.3859615335998484	0.3755542918522602	-0.010407241747588225	0.010407241747588225
0.3859615335998484	0.3755542918522602	-0.010407241747588225	0.010407241747588225
0.0	0.010406496546334073	0.010406496546334073	0.010406496546334073
0.25469622282419735	0.24556491591814808	-0.009131306906049269	0.009131306906049269
-0.33208016938453755	-0.3231258091658919	0.008954360218645652	0.008954360218645652
0.3320801693845375	0.32312580916589184	-0.008954360218645652	0.008954360218645652
-0.3075923790196667	-0.29929831868076157	0.008294060338905118	0.008294060338905118
-0.3074554934194021	-0.2991651241258726	0.008290369293529498	0.008290369293529498
0.008220502057145262	0.0	-0.008220502057145262	0.008220502057145262
0.008220502057145262	0.0	-0.008220502057145262	0.008220502057145262
0.0	0.007998840713339025	0.007998840713339025	0.007998840713339025
0.26648373036621553	0.2592981422640715	-0.007185588102144036	0.007185588102144036
0.2546962228241974	0.24782847841859512	-0.006867744405602283	0.006867744405602283
0.25469622282419735	0.24782847841859507	-0.006867744405602283	0.006867744405602283
0.25469622282419735	0.24782847841859507	-0.006867744405602283	0.006867744405602283
0.25469622282419735	0.24782847841859512	-0.006867744405602227	0.006867744405602227
-0.2545593372239328	-0.24769528386370598	0.0068640533602268294	0.0068640533602268294
0.25455933722393276	0.24769528386370598	-0.006864053360226774	0.006864053360226774
0.25455933722393276	0.24769528386370598	-0.006864053360226774	0.006864053360226774
0.25455933722393276	0.247695283863706	-0.006864053360226746	0.006864053360226746
0.24914959374795667	0.2424314111631172	-0.006718182584839472	0.006718182584839472
0.24914959374795667	0.2424314111631172	-0.006718182584839472	0.006718182584839472
0.24914959374795664	0.2424314111631172	-0.006718182584839444	0.006718182584839444
0.24914959374795667	0.24243141116311723	-0.006718182584839444	0.006718182584839444
0.24914959374795667	0.24243141116311723	-0.006718182584839444	0.006718182584839444
0.2491495937479567	0.24243141116311726	-0.006718182584839444	0.006718182584839444
0.24914959374795664	0.24243141116311723	-0.006718182584839416	0.006718182584839416
0.2301752852736124	0.22396873454349178	-0.006206550730120608	0.006206550730120608
0.21745229049027526	0.21158880835880103	-0.005863482131474224	0.005863482131474224
0.21745229049027526	0.21158880835880103	-0.005863482131474224	0.005863482131474224
0.21745229049027529	0.2115888083588011	-0.005863482131474196	0.005863482131474196
0.20357098571725554	0.1980818053800492	-0.005489180337206356	0.005489180337206356
-0.20357098571725554	-0.1980818053800492	0.005489180337206356	0.005489180337206356
0.20357098571725554	0.19808180538004921	-0.005489180337206329	0.005489180337206329
-0.20357098571725554	-0.19808180538004921	0.005489180337206329	0.005489180337206329
0.20357098571725554	0.19808180538004921	-0.005489180337206329	0.005489180337206329
-0.20228192849503276	-0.19682750688109346	0.005454421613939303	0.005454421613939303
0.2022819284950328	0.1968275068810935	-0.005454421613939303	0.005454421613939303
0.20083634289582597	0.1954209007072648	-0.005415442188561159	0.005415442188561159
0.005337924573546536	0.0	-0.005337924573546536	0.005337924573546536
0.0	0.0051939903556747465	0.0051939903556747465	0.0051939903556747465
0.1901310295837022	0.1850042503159115	-0.005126779267790704	0.005126779267790704
0.19013102958370223	0.18500425031591153	-0.005126779267790704	0.005126779267790704
0.0051236955399485895	0.0	-0.0051236955399485895	0.0051236955399485895
0.004756007313228905	0.0	-0.004756007313228905	0.004756007313228905
0.17428360562835793	0.16958414348378012	-0.0046994621445778095	0.0046994621445778095
0.17428360562835793	0.16958414348378012	-0.0046994621445778095	0.0046994621445778095
0.17428360562835793	0.16958414348378012	-0.0046994621445778095	0.0046994621445778095
0.17428360562835793	0.16958414348378012	-0.0046994621445778095	0.0046994621445778095
0.17428360562835793	0.16958414348378012	-0.0046994621445778095	0.0046994621445778095
0.17428360562835793	0.16958414348378015	-0.004699462144577782	0.004699462144577782
0.17428360562835793	0.16958414348378015	-0.004699462144577782	0.004699462144577782
0.1742836056283579	0.16958414348378015	-0.004699462144577754	0.004699462144577754
0.1742836056283579	0.16958414348378015	-0.004699462144577754	0.004699462144577754
0.17428360562835787	0.16958414348378015	-0.004699462144577726	0.004699462144577726
0.1742836056283579	0.16958414348378018	-0.004699462144577726	0.004699462144577726
0.17414672002809325	0.16945094892889104	-0.004695771099202217	0.004695771099202217
0.17414672002809325	0.16945094892889104	-0.004695771099202217	0.004695771099202217
0.0	-0.004627764176146266	-0.004627764176146266	0.004627764176146266
0.1634708708810002	0.15906296821754157	-0.0044079026634586405	0.0044079026634586405
0.15011439654845662	0.14606664391336413	-0.004047752635092494	0.004047752635092494
0.1501143965484566	0.14606664391336413	-0.004047752635092466	0.004047752635092466
0.15011439654845662	0.14606664391336416	-0.004047752635092466	0.004047752635092466
-0.15011439654845662	-0.14606664391336416	0.004047752635092466	0.004047752635092466
0.1501143965484566	0.14606664391336413	-0.004047752635092466	0.004047752635092466
0.14211917258681406	0.13828700679484257	-0.003832165791971487	0.003832165791971487
0.14211917258681406	0.13828700679484257	-0.003832165791971487	0.003832165791971487
0.14211917258681406	0.13828700679484257	-0.003832165791971487	0.003832165791971487
0.14211917258681406	0.13828700679484257	-0.003832165791971487	0.003832165791971487
0.14211917258681406	0.13828700679484257	-0.003832165791971487	0.003832165791971487
0.14211917258681406	0.1382870067948426	-0.003832165791971459	0.003832165791971459
0.1420860254010999	0.13825475340486948	-0.0038312719962304287	0.0038312719962304287
0.14194913980083534	0.13812155884998042	-0.0038275809508549197	0.0038275809508549197
0.14194913980083534	0.13812155884998042	-0.0038275809508549197	0.0038275809508549197
0.12697827475665094	0.12355437499711108	-0.0034238997595398557	0.0034238997595398557
0.12697827475665094	0.12355437499711108	-0.0034238997595398557	0.0034238997595398557
0.12697827475665094	0.12355437499711108	-0.0034238997595398557	0.0034238997595398557
0.1269782747566509	0.12355437499711107	-0.003423899759539842	0.003423899759539842
0.1269782747566509	0.12355437499711107	-0.003423899759539842	0.003423899759539842
-0.1269782747566509	-0.12355437499711107	0.003423899759539842	0.003423899759539842
0.11968712157305092	0.116459823773019	-0.0032272978000319197	0.0032272978000319197
0.1196871215730509	0.116459823773019	-0.003227297800031906	0.003227297800031906
0.1196871215730509	0.116459823773019	-0.003227297800031906	0.003227297800031906
0.11968712157305092	0.11645982377301901	-0.003227297800031906	0.003227297800031906
0.1196871215730509	0.116459823773019	-0.003227297800031906	0.003227297800031906
0.11968712157305092	0.11645982377301901	-0.003227297800031906	0.003227297800031906
-0.11726614934236236	-0.1141041317349807	0.003162017607381662	0.003162017607381662
0.11726614934236233	0.1141041317349807	-0.003162017607381634	0.003162017607381634
0.11416995666193833	0.11109142619748971	-0.0030785304644486144	0.0030785304644486144
-0.11416995666193834	-0.11109142619748973	0.0030785304644486144	0.0030785304644486144
0.11200802354923929	0.10898778842924149	-0.0030202351199977995	0.0030202351199977995
0.11200802354923929	0.10898778842924153	-0.003020235119997758	0.003020235119997758
0.11069686820320701	0.1077119876703037	-0.002984880532903314	0.002984880532903314
0.10864481187278309	0.10571526391696645	-0.0029295479558166387	0.0029295479558166387
-0.09862331272516076	-0.09596398901508081	0.0026593237100799444	0.0026593237100799444
0.09755769208812377	0.0949271022559502	-0.002630589832173569	0.002630589832173569
0.0044517698590892905	0.0018264975284781766	-0.0026252723306111137	0.0026252723306111137
-0.09729865297013429	-0.0946750479861601	0.0026236049839741954	0.0026236049839741954
0.09729865297013429	0.0946750479861601	-0.0026236049839741954	0.0026236049839741954
-0.09722622023098086	-0.0946045683562188	0.002621651874762057	0.002621651874762057
0.0	0.0024927689454241663	0.0024927689454241663	0.0024927689454241663
0.08930342900849196	0.08689541086763798	-0.002408018140853979	0.002408018140853979
0.0	0.0022635625004469788	0.0022635625004469788	0.0022635625004469788
-0.08357019355346361	-0.0813167689722841	0.002253424581179511	0.002253424581179511
0.08357019355346361	0.08131676897228411	-0.0022534245811794973	0.0022534245811794973
0.07873929815399153	0.07661613602619798	-0.0021231621277935514	0.0021231621277935514
0.07800085251668949	0.07589760217179647	-0.002103250344893018	0.002103250344893018
0.0778639669164249	0.0757644076169074	-0.002099559299517495	0.002099559299517495
0.07752083216060472	0.07543052530218583	-0.0020903068584188916	0.0020903068584188916
0.07752083216060472	0.07543052530218583	-0.0020903068584188916	0.0020903068584188916
0.07752083216060472	0.07543052530218583	-0.0020903068584188916	0.0020903068584188916
0.07752083216060472	0.07543052530218584	-0.0020903068584188778	0.0020903068584188778
0.07752083216060471	0.07543052530218583	-0.0020903068584188778	0.0020903068584188778
0.0775208321606047	0.07543052530218582	-0.0020903068584188778	0.0020903068584188778
0.07752083216060471	0.07543052530218583	-0.0020903068584188778	0.0020903068584188778
0.07752083216060472	0.07543052530218584	-0.0020903068584188778	0.0020903068584188778
0.07752083216060471	0.07543052530218584	-0.002090306858418864	0.002090306858418864
-0.07516676813811723	-0.07313993732909328	0.0020268308090239523	0.0020268308090239523
0.07516676813811723	0.07313993732909328	-0.0020268308090239523	0.0020268308090239523
0.07516676813811722	0.07313993732909328	-0.0020268308090239384	0.0020268308090239384
0.0020029493886249247	0.0	-0.0020029493886249247	0.0020029493886249247
0.0020029493886249247	0.0	-0.0020029493886249247	0.0020029493886249247
0.013651729820109811	0.015647672416969523	0.0019959425968597115	0.0019959425968597115
0.0	0.0019489409533770346	0.0019489409533770346	0.0019489409533770346
0.10941394934870942	0.11109142619748971	0.0016774768487802932	0.0016774768487802932
0.0013901417852536413	0.0	-0.0013901417852536413	0.0013901417852536413
0.0	0.0013526573720019869	0.0013526573720019869	0.0013526573720019869
0.04857658682752747	0.047266745720638985	-0.0013098411068884833	0.0013098411068884833
-0.04857658682752746	-0.047266745720638985	0.0013098411068884763	0.0013098411068884763
0.04857658682752746	0.04726674572063899	-0.0013098411068884694	0.0013098411068884694
0.048576586827527454	0.047266745720638985	-0.0013098411068884694	0.0013098411068884694
0.04762882285080759	0.046344537681406936	-0.0012842851694006563	0.0012842851694006563
0.04762882285080759	0.04634453768140694	-0.0012842851694006494	0.0012842851694006494
0.047628822850807585	0.046344537681406936	-0.0012842851694006494	0.0012842851694006494
0.047628822850807585	0.04634453768140694	-0.0012842851694006424	0.0012842851694006424
0.04762882285080757	0.046344537681406936	-0.0012842851694006355	0.0012842851694006355
0.0026296767333341023	0.0013767419238535285	-0.0012529348094805738	0.0012529348094805738
0.001214782972751678	0.0	-0.001214782972751678	0.001214782972751678
0.0012147829727516776	0.0	-0.0012147829727516776	0.0012147829727516776
0.0	0.001182027014015676	0.001182027014015676	0.001182027014015676
0.0	0.0011820270140156758	0.0011820270140156758	0.0011820270140156758
0.0	0.0011820270140156758	0.0011820270140156758	0.0011820270140156758
0.0412308021711761	0.04011903613159119	-0.001111766039584905	0.001111766039584905
0.04123080217117609	0.040119036131591186	-0.001111766039584905	0.001111766039584905
0.0412308021711761	0.0401190361315912	-0.001111766039584898	0.001111766039584898
0.037225517230698724	0.03622175150983663	-0.001003765720862096	0.001003765720862096
0.037225517230698724	0.03622175150983663	-0.001003765720862096	0.001003765720862096
0.037225517230698724	0.036221751509836635	-0.001003765720862089	0.001003765720862089
0.037225517230698724	0.036221751509836635	-0.001003765720862089	0.001003765720862089
0.036841255411122084	0.03584785110014827	-0.0009934043109738125	0.0009934043109738125
0.03684125541112208	0.03584785110014827	-0.0009934043109738055	0.0009934043109738055
0.01365172982010982	0.014465645402953848	0.0008139155828440284	0.0008139155828440284
0.0033822406164031064	0.0026005788878343886	-0.0007816617285687178	0.0007816617285687178
0.0007095953089949165	0.0	-0.0007095953089949165	0.0007095953089949165
0.0	0.0006904614594250235	0.0006904614594250235	0.0006904614594250235
0.0	0.0006904614594250235	0.0006904614594250235	0.0006904614594250235
0.02428645190344626	0.023631581005320985	-0.0006548708981252739	0.0006548708981252739
0.02428645190344626	0.023631581005320985	-0.0006548708981252739	0.0006548708981252739
0.0239506831888959	0.02330486611059306	-0.0006458170783028398	0.0006458170783028398
0.0226581866299832	0.022047221014781036	-0.000610965615202165	0.000610965615202165
0.02243205101376315	0.021827183021823574	-0.0006048679919395741	0.0006048679919395741
0.02243205101376315	0.021827183021823574	-0.0006048679919395741	0.0006048679919395741
0.02243205101376315	0.021827183021823574	-0.0006048679919395741	0.0006048679919395741
-0.02243205101376315	-0.021827183021823574	0.0006048679919395741	0.0006048679919395741
0.02243205101376315	0.021827183021823574	-0.0006048679919395741	0.0006048679919395741
-0.02243205101376315	-0.021827183021823574	0.0006048679919395741	0.0006048679919395741
0.02243205101376315	0.021827183021823574	-0.0006048679919395741	0.0006048679919395741
0.02243205101376315	0.021827183021823578	-0.0006048679919395707	0.0006048679919395707
0.02191028975714926	0.021319490772246357	-0.0005907989849029023	0.0005907989849029023
0.021910289757149256	0.021319490772246354	-0.0005907989849029023	0.0005907989849029023
0.021910289757149256	0.021319490772246354	-0.0005907989849029023	0.0005907989849029023
0.02191028975714926	0.021319490772246357	-0.0005907989849029023	0.0005907989849029023
-0.021351698294186146	-0.020775961422698982	0.000575736871487164	0.000575736871487164
0.021351698294186146	0.020775961422698982	-0.000575736871487164	0.000575736871487164
0.021351698294186143	0.020775961422698982	-0.0005757368714871605	0.0005757368714871605
0.021351698294186146	0.020775961422698986	-0.0005757368714871605	0.0005757368714871605
0.021351698294186143	0.020775961422698982	-0.0005757368714871605	0.0005757368714871605
0.020422349420640896	0.019871671933452018	-0.0005506774871888789	0.0005506774871888789
0.0005475424010585514	0.0	-0.0005475424010585514	0.0005475424010585514
0.0	0.0005327782195563715	0.0005327782195563715	0.0005327782195563715
0.0	-0.0005327782195563714	-0.0005327782195563714	0.0005327782195563714
0.0	-0.0005327782195563714	-0.0005327782195563714	0.0005327782195563714
0.018612758615349365	0.018110875754918317	-0.000501882860431048	0.000501882860431048
0.018612758615349362	0.018110875754918317	-0.0005018828604310445	0.0005018828604310445
0.016944350267729825	0.0164874551262702	-0.0004568951414596241	0.0004568951414596241
0.016944350267729825	0.016487455126270204	-0.0004568951414596206	0.0004568951414596206
0.016291841778576198	0.015852541171798917	-0.0004393006067772813	0.0004393006067772813
0.016291841778576194	0.01585254117179892	-0.00043930060677727437	0.00043930060677727437
0.01628140655344392	0.015842387326807376	-0.00043901922663654516	0.00043901922663654516
0.01628140655344392	0.015842387326807376	-0.00043901922663654516	0.00043901922663654516
0.016281406553443924	0.01584238732680738	-0.00043901922663654516	0.00043901922663654516
0.016281406553443924	0.01584238732680738	-0.00043901922663654516	0.00043901922663654516
0.01628140655344392	0.015842387326807376	-0.00043901922663654516	0.00043901922663654516
0.01628140655344392	0.015842387326807376	-0.00043901922663654516	0.00043901922663654516
0.016281406553443917	0.015842387326807376	-0.0004390192266365417	0.0004390192266365417
0.016281406553443917	0.015842387326807376	-0.0004390192266365417	0.0004390192266365417
0.016281406553443917	0.015842387326807376	-0.0004390192266365417	0.0004390192266365417
0.010694878087040166	0.010406496546334075	-0.00028838154070609176	0.00028838154070609176
0.010675849147093072	0.010387980711349491	-0.00028786843574358026	0.00028786843574358026
0.01067584914709307	0.01038798071134949	-0.00028786843574358026	0.00028786843574358026
0.01067584914709307	0.01038798071134949	-0.00028786843574358026	0.00028786843574358026
0.010675849147093072	0.010387980711349491	-0.00028786843574358026	0.00028786843574358026
0.01067584914709307	0.01038798071134949	-0.00028786843574358026	0.00028786843574358026
0.01067584914709307	0.01038798071134949	-0.00028786843574358026	0.00028786843574358026
0.01067584914709307	0.01038798071134949	-0.00028786843574358026	0.00028786843574358026
0.010675849147093066	0.010387980711349488	-0.0002878684357435785	0.0002878684357435785
0.010675849147093066	0.010387980711349488	-0.0002878684357435785	0.0002878684357435785
0.01067584914709307	0.010387980711349491	-0.0002878684357435785	0.0002878684357435785
0.01067584914709307	0.010387980711349491	-0.0002878684357435785	0.0002878684357435785
0.010675849147093066	0.010387980711349488	-0.0002878684357435785	0.0002878684357435785
0.010675849147093068	0.01038798071134949	-0.0002878684357435785	0.0002878684357435785
0.010675849147093065	0.010387980711349488	-0.0002878684357435768	0.0002878684357435768
0.010564130854500442	0.010279274841440011	-0.0002848560130604312	0.0002848560130604312
0.010564130854500444	0.010279274841440013	-0.0002848560130604312	0.0002848560130604312
0.00026088062830695465	0.0	-0.00026088062830695465	0.00026088062830695465
0.00026088062830695465	0.0	-0.00026088062830695465	0.00026088062830695465
0.0	0.00025384612478861164	0.00025384612478861164	0.00025384612478861164
0.009015420677515866	0.008772324787694916	-0.00024309588982095003	0.00024309588982095003
0.009015420677515866	0.008772324787694916	-0.00024309588982095003	0.00024309588982095003
-0.009015420677515866	-0.008772324787694916	0.00024309588982095003	0.00024309588982095003
0.008220502057145262	0.007998840713339025	-0.00022166134380623669	0.00022166134380623669
0.008220502057145262	0.007998840713339027	-0.00022166134380623495	0.00022166134380623495
0.00812044666322989	0.007901483258420102	-0.00021896340480978722	0.00021896340480978722
0.007658841410319703	0.007452324938794136	-0.0002065164715255672	0.0002065164715255672
0.007658841410319702	0.007452324938794135	-0.0002065164715255672	0.0002065164715255672
0.007210126729631929	0.007015709604157761	-0.00019441712547416806	0.00019441712547416806
0.006662584328573379	0.00648293138460139	-0.00017965294397198888	0.00017965294397198888
-0.0066625843285733795	-0.006482931384601391	0.00017965294397198888	0.00017965294397198888
0.006662584328573379	0.00648293138460139	-0.00017965294397198888	0.00017965294397198888
0.0066625843285733795	0.006482931384601391	-0.00017965294397198888	0.00017965294397198888
0.006662584328573378	0.00648293138460139	-0.000179652943971988	0.000179652943971988
0.00663189248994903	0.006453067134626258	-0.00017882535532277172	0.00017882535532277172
0.006631892489949029	0.006453067134626258	-0.00017882535532277085	0.00017882535532277085
0.005469285642858743	0.005321809345568305	-0.0001474762972904376	0.0001474762972904376
0.005469285642858726	0.005321809345568304	-0.000147476297290422	0.000147476297290422
0.005469285642858726	0.005321809345568304	-0.000147476297290422	0.000147476297290422
0.005469285642858726	0.005321809345568304	-0.000147476297290422	0.000147476297290422
0.005337924573546536	0.005193990355674744	-0.00014393421787179186	0.00014393421787179186
0.005337924573546536	0.005193990355674745	-0.000143934217871791	0.000143934217871791
0.005337924573546537	0.005193990355674746	-0.000143934217871791	0.000143934217871791
0.005337924573546536	0.005193990355674746	-0.00014393421787179013	0.00014393421787179013
0.005337924573546535	0.005193990355674745	-0.00014393421787179013	0.00014393421787179013
0.005337924573546535	0.005193990355674745	-0.00014393421787179013	0.00014393421787179013
0.005337924573546535	0.005193990355674745	-0.00014393421787179013	0.00014393421787179013
0.005337924573546535	0.005193990355674745	-0.00014393421787179013	0.00014393421787179013
0.005337924573546536	0.005193990355674746	-0.00014393421787179013	0.00014393421787179013
0.005337924573546536	0.005193990355674746	-0.00014393421787179013	0.00014393421787179013
0.005337924573546535	0.005193990355674745	-0.00014393421787179013	0.00014393421787179013
0.005337924573546536	0.005193990355674746	-0.00014393421787179013	0.00014393421787179013
0.005337924573546536	0.005193990355674746	-0.00014393421787179013	0.00014393421787179013
0.005337924573546536	0.005193990355674746	-0.00014393421787179013	0.00014393421787179013
0.005337924573546537	0.0051939903556747465	-0.00014393421787179013	0.00014393421787179013
0.005337924573546537	0.0051939903556747465	-0.00014393421787179013	0.00014393421787179013
0.005337924573546536	0.005193990355674746	-0.00014393421787179013	0.00014393421787179013
0.005337924573546536	0.005193990355674746	-0.00014393421787179013	0.00014393421787179013
0.005337924573546536	0.005193990355674746	-0.00014393421787179013	0.00014393421787179013
0.005337924573546536	0.005193990355674746	-0.00014393421787179013	0.00014393421787179013
0.005337924573546536	0.005193990355674746	-0.00014393421787179013	0.00014393421787179013
0.005337924573546535	0.005193990355674745	-0.00014393421787179013	0.00014393421787179013
0.005337924573546535	0.005193990355674745	-0.00014393421787179013	0.00014393421787179013
0.005337924573546535	0.005193990355674746	-0.00014393421787178926	0.00014393421787178926
0.005337924573546535	0.005193990355674746	-0.00014393421787178926	0.00014393421787178926
0.005337924573546536	0.0051939903556747465	-0.00014393421787178926	0.00014393421787178926
0.005337924573546534	0.005193990355674745	-0.00014393421787178926	0.00014393421787178926
0.005337924573546535	0.005193990355674746	-0.00014393421787178926	0.00014393421787178926
0.005337924573546535	0.005193990355674746	-0.00014393421787178926	0.00014393421787178926
0.005337924573546535	0.005193990355674746	-0.00014393421787178926	0.00014393421787178926
0.005337924573546534	0.005193990355674746	-0.0001439342178717884	0.0001439342178717884
0.0051236955399485895	0.0049855378908483326	-0.00013815764910025691	0.00013815764910025691
0.00013688560026459031	0.0	-0.00013688560026459031	0.00013688560026459031
0.0	0.00013319455488908325	0.00013319455488908325	0.00013319455488908325
0.0048597457277792	0.004728705341062208	-0.00013104038671699243	0.00013104038671699243
0.004859745727779199	0.004728705341062208	-0.00013104038671699157	0.00013104038671699157
0.004838261440742156	0.004707800366079615	-0.00013046107466254103	0.00013046107466254103
0.004838261440742156	0.004707800366079615	-0.00013046107466254103	0.00013046107466254103
0.004380339208466891	0.004262225756450665	-0.00011811345201622608	0.00011811345201622608
0.00438033920846689	0.004262225756450664	-0.00011811345201622608	0.00011811345201622608
0.00438033920846689	0.004262225756450665	-0.00011811345201622522	0.00011811345201622522
-0.004323866225398091	-0.004207275536496424	0.00011659068890166723	0.00011659068890166723
0.004323866225398091	0.0042072755364964244	-0.00011659068890166636	0.00011659068890166636
0.004323866225398091	0.0042072755364964244	-0.00011659068890166636	0.00011659068890166636
0.003527106094710026	0.0034319996071420283	-9.510648756799788e-05	9.510648756799788e-05
0.003382240616403106	0.003291040347259412	-9.120026914369393e-05	9.120026914369393e-05
0.0033816267796306196	0.003290443062259528	-9.118371737109167e-05	9.118371737109167e-05
-0.003050768759260151	-0.0029685064475279983	8.226231173215273e-05	8.226231173215273e-05
0.0030507687592601506	0.0029685064475279983	-8.226231173215229e-05	8.226231173215229e-05
0.002734642821429372	0.0026609046727841526	-7.373814864521924e-05	7.373814864521924e-05
0.0027346428214293714	0.0026609046727841526	-7.37381486452188e-05	7.37381486452188e-05
0.002734642821429371	0.0026609046727841526	-7.373814864521837e-05	7.373814864521837e-05
0.0026971987783076675	0.002624470287814111	-7.272849049355656e-05	7.272849049355656e-05
0.0026971987783076675	0.0026244702878141114	-7.272849049355613e-05	7.272849049355613e-05
-0.0025940742005298597	-0.0025241264078980532	6.994779263180644e-05	6.994779263180644e-05
-0.0025940742005298597	-0.0025241264078980532	6.994779263180644e-05	6.994779263180644e-05
0.0025940742005298597	0.0025241264078980532	-6.994779263180644e-05	6.994779263180644e-05
0.0025940742005298592	0.0025241264078980532	-6.9947792631806e-05	6.9947792631806e-05
-0.0025940742005298597	-0.0025241264078980537	6.9947792631806e-05	6.9947792631806e-05
0.0022538551693789665	0.002193081196923729	-6.0773972455237506e-05	6.0773972455237506e-05
0.002190169604233445	0.002131112878225332	-5.905672600811304e-05	5.905672600811304e-05
0.002161933112699046	0.0021036377682482127	-5.829534445083318e-05	5.829534445083318e-05
-0.002161933112699046	-0.0021036377682482127	5.829534445083318e-05	5.829534445083318e-05
0.0021508840507943054	0.0020928866382563427	-5.799741253796273e-05	5.799741253796273e-05
0.002053284003968855	0.0019979183233362493	-5.536568063260576e-05	5.536568063260576e-05
0.002005404735714873	0.0019513300933750454	-5.407464233982747e-05	5.407464233982747e-05
-0.0020029493886249247	-0.0019489409533770348	5.400843524788995e-05	5.400843524788995e-05
0.0018771128502651252	0.0018264975284781766	-5.06153217869486e-05	5.06153217869486e-05
0.0018771128502651248	0.0018264975284781764	-5.061532178694838e-05	5.061532178694838e-05
0.001877112850265125	0.0018264975284781766	-5.061532178694838e-05	5.061532178694838e-05
0.0018771128502651246	0.0018264975284781762	-5.061532178694838e-05	5.061532178694838e-05
0.0018771128502651244	0.0018264975284781762	-5.0615321786948164e-05	5.0615321786948164e-05
0.0018771128502651244	0.0018264975284781762	-5.0615321786948164e-05	5.0615321786948164e-05
-0.0018660637883603345	-0.0018157463984879512	5.031738987238332e-05	5.031738987238332e-05
0.0018660637883603345	0.0018157463984879512	-5.031738987238332e-05	5.031738987238332e-05
0.0018660637883603343	0.0018157463984879512	-5.03173898723831e-05	5.03173898723831e-05
0.0018052939478841264	0.0017566151835371928	-4.8678764346933535e-05	4.8678764346933535e-05
0.0017635530473550129	0.0017159998035710142	-4.755324378399872e-05	4.755324378399872e-05
0.0017291781880957441	0.001682551843598868	-4.662634449687604e-05	4.662634449687604e-05
0.0017291781880957441	0.001682551843598868	-4.662634449687604e-05	4.662634449687604e-05
-0.0017291781880957443	-0.0016825518435988683	4.662634449687604e-05	4.662634449687604e-05
-0.0017291781880957441	-0.001682551843598868	4.662634449687604e-05	4.662634449687604e-05
0.0017291781880957441	0.001682551843598868	-4.662634449687604e-05	4.662634449687604e-05
0.0017291781880957441	0.001682551843598868	-4.662634449687604e-05	4.662634449687604e-05
0.0017291781880957441	0.001682551843598868	-4.662634449687604e-05	4.662634449687604e-05
0.0017291781880957441	0.001682551843598868	-4.662634449687604e-05	4.662634449687604e-05
0.0017291781880957441	0.001682551843598868	-4.662634449687604e-05	4.662634449687604e-05
-0.001729178188095744	-0.001682551843598868	4.662634449687582e-05	4.662634449687582e-05
-0.0017291781880957437	-0.0016825518435988679	4.662634449687582e-05	4.662634449687582e-05
0.001729178188095744	0.001682551843598868	-4.662634449687582e-05	4.662634449687582e-05
0.0016094800174607884	0.0015660812686958579	-4.339874876493053e-05	4.339874876493053e-05
0.0016094800174607884	0.001566081268695858	-4.3398748764930314e-05	4.3398748764930314e-05
0.0016070246703708405	0.0015636921286978473	-4.333254167299323e-05	4.333254167299323e-05
0.0013970924941799096	0.0013594206588619965	-3.767183531791312e-05	3.767183531791312e-05
0.0013970924941799094	0.0013594206588619965	-3.76718353179129e-05	3.76718353179129e-05
0.0013970924941799094	0.0013594206588619965	-3.76718353179129e-05	3.76718353179129e-05
0.0013970924941799096	0.0013594206588619967	-3.76718353179129e-05	3.76718353179129e-05
0.0012970371002649296	0.0012620632039490266	-3.4973896315903e-05	3.4973896315903e-05
0.0012147829727516778	0.0011820270140156758	-3.275595873600203e-05	3.275595873600203e-05
0.0011251628039685832	0.0010948234040882945	-3.0339399880288708e-05	3.0339399880288708e-05
0.0011251628039685832	0.0010948234040882945	-3.0339399880288708e-05	3.0339399880288708e-05
0.00010680759841272968	8.242532993136096e-05	-2.4382268481368727e-05	2.4382268481368727e-05
0.000821313601587542	0.0007991673293344939	-2.2146272253048137e-05	2.2146272253048137e-05
0.000821313601587542	0.0007991673293344939	-2.2146272253048137e-05	2.2146272253048137e-05
0.0008213136015875421	0.0007991673293344997	-2.214627225304239e-05	2.214627225304239e-05
0.000821313601587542	0.0007991673293344998	-2.2146272253042174e-05	2.2146272253042174e-05
0.000821313601587542	0.0007991673293344998	-2.2146272253042174e-05	2.2146272253042174e-05
2.2098123809530273e-05	0.0	-2.2098123809530273e-05	2.2098123809530273e-05
0.0008035123351854202	0.0007818460643489236	-2.1666270836496505e-05	2.1666270836496505e-05
0.0	2.1502259982094167e-05	2.1502259982094167e-05	2.1502259982094167e-05
0.0	2.1502259982094164e-05	2.1502259982094164e-05	2.1502259982094164e-05
0.0006844280013231416	0.0006659727744454545	-1.8455226877687114e-05	1.8455226877687114e-05
0.0006844280013231418	0.0006659727744454547	-1.8455226877687114e-05	1.8455226877687114e-05
0.0006844280013231416	0.0006659727744454546	-1.8455226877687005e-05	1.8455226877687005e-05
0.0005475424010585515	0.0005327782195563713	-1.4764181502180266e-05	1.4764181502180266e-05
0.0005475424010585514	0.0005327782195563714	-1.4764181502180049e-05	1.4764181502180049e-05
0.0005475424010585514	0.0005327782195563714	-1.4764181502180049e-05	1.4764181502180049e-05
0.0005475424010585514	0.0005327782195563714	-1.4764181502180049e-05	1.4764181502180049e-05
0.0005475424010585515	0.0005327782195563715	-1.4764181502180049e-05	1.4764181502180049e-05
0.0005475424010585514	0.0005327782195563714	-1.4764181502180049e-05	1.4764181502180049e-05
0.0005475424010583614	0.000532778219556333	-1.4764181502028369e-05	1.4764181502028369e-05
0.0005475424010583614	0.000532778219556333	-1.4764181502028369e-05	1.4764181502028369e-05
0.0004106568007937711	0.00039958366466724704	-1.1073136126524068e-05	1.1073136126524068e-05
0.00041065680079377094	0.00039958366466724687	-1.1073136126524068e-05	1.1073136126524068e-05
0.000410656800793771	0.000399583664667247	-1.1073136126524014e-05	1.1073136126524014e-05
0.00041065680079377105	0.0003995836646672471	-1.107313612652396e-05	1.107313612652396e-05
0.00041065680079377105	0.0003995836646672471	-1.107313612652396e-05	1.107313612652396e-05
0.000410656800793771	0.00039958366466724975	-1.107313612652125e-05	1.107313612652125e-05
0.000410656800793771	0.0003995836646672498	-1.1073136126521195e-05	1.1073136126521195e-05
0.000410656800793771	0.0003995836646672498	-1.1073136126521195e-05	1.1073136126521195e-05
0.00041065680079377094	0.0003995836646672499	-1.1073136126521033e-05	1.1073136126521033e-05
0.00041065680079377094	0.0003995836646672499	-1.1073136126521033e-05	1.1073136126521033e-05
0.000410656800793771	0.00039958366466724996	-1.1073136126521033e-05	1.1073136126521033e-05
0.00035479765449745825	0.00034523072971251174	-9.566924784946507e-06	9.566924784946507e-06
0.00035295614418019087	0.0003434388747142537	-9.51726946593715e-06	9.51726946593715e-06
0.0003529561441801909	0.00034343887471426684	-9.517269465924086e-06	9.517269465924086e-06
0.000352956144180191	0.00034343887471426695	-9.517269465924032e-06	9.517269465924032e-06
0.000352956144180191	0.00034343887471427383	-9.517269465917147e-06	9.517269465917147e-06
0.000352956144180191	0.0003434388747142739	-9.517269465917093e-06	9.517269465917093e-06
0.000352956144180191	0.00034343887471427736	-9.517269465913623e-06	9.517269465913623e-06
0.000352956144180191	0.0003434388747142836	-9.517269465907389e-06	9.517269465907389e-06
0.000352956144180191	0.0003434388747142842	-9.517269465906793e-06	9.517269465906793e-06
0.000352956144180191	0.0003434388747142937	-9.517269465897306e-06	9.517269465897306e-06
0.000352956144180191	0.0003434388747142937	-9.517269465897306e-06	9.517269465897306e-06
0.000352956144180191	0.0003434388747143085	-9.517269465882507e-06	9.517269465882507e-06
0.0003529561441801909	0.0003434388747143085	-9.517269465882452e-06	9.517269465882452e-06
0.0003529561441801909	0.00034343887471431097	-9.517269465879959e-06	9.517269465879959e-06
0.0002737712005291807	0.00026489924444323396	-8.871956085946717e-06	8.871956085946717e-06
0.00030753222301596535	0.0002992397847507083	-8.29243826525706e-06	8.29243826525706e-06
0.0003075322230159654	0.00029923978475070834	-8.29243826525706e-06	8.29243826525706e-06
0.0003075322230159654	0.00029923978475070834	-8.29243826525706e-06	8.29243826525706e-06
0.0002737712005291807	0.0002663891097781636	-7.382090751017058e-06	7.382090751017058e-06
0.00027377120052918063	0.00026638910977816644	-7.3820907510141844e-06	7.3820907510141844e-06
0.0002737712005291807	0.00026638910977816655	-7.38209075101413e-06	7.38209075101413e-06
0.00027377120052918063	0.00026638910977816655	-7.382090751014076e-06	7.382090751014076e-06
0.0002737712005291807	0.0002663891097781666	-7.382090751014076e-06	7.382090751014076e-06
0.0002737712005291807	0.0002663891097781666	-7.382090751014076e-06	7.382090751014076e-06
0.0002737712005291807	0.0002663891097781666	-7.382090751014076e-06	7.382090751014076e-06
0.0002737712005291807	0.0002663891097781666	-7.382090751014076e-06	7.382090751014076e-06
0.00027377120052918063	0.00026638910977816655	-7.382090751014076e-06	7.382090751014076e-06
0.00027377120052918063	0.0002663891097781666	-7.382090751014022e-06	7.382090751014022e-06
0.0002737712005284118	0.00026638910977954213	-7.382090748869687e-06	7.382090748869687e-06
0.00027240915475540363	0.0002650637908240464	-7.345363931357237e-06	7.345363931357237e-06
0.00026088062830695465	0.00025384612478861164	-7.034503518343015e-06	7.034503518343015e-06
0.0002608806283069546	0.0002538461247886117	-7.0345035183429065e-06	7.0345035183429065e-06
0.0002516730767196504	0.0002448868497960724	-6.7862269235779635e-06	6.7862269235779635e-06
0.00023571332063498959	0.00022935743980900437	-6.3558808259852185e-06	6.3558808259852185e-06
0.0002001107878307464	0.00019471490983785267	-5.395877992893719e-06	5.395877992893719e-06
-0.00013688560026459037	-0.000132449622221617	4.435978042973359e-06	4.435978042973359e-06
0.000154073029894225	0.00014991853487515653	-4.154495019068462e-06	4.154495019068462e-06
0.000154073029894225	0.00014991853487515653	-4.154495019068462e-06	4.154495019068462e-06
0.00013934711656833295	0.0001355896977514116	-3.757418816921368e-06	3.757418816921368e-06
0.00013872711058205117	0.00013498640988759112	-3.740700694460043e-06	3.740700694460043e-06
0.00013688560026459034	0.00013319455488898277	-3.6910453756075707e-06	3.6910453756075707e-06
0.00013688560026459034	0.00013319455488898277	-3.6910453756075707e-06	3.6910453756075707e-06
0.00013688560026459034	0.0001331945548889828	-3.6910453756075436e-06	3.6910453756075436e-06
0.00013688560026459034	0.0001331945548889828	-3.6910453756075436e-06	3.6910453756075436e-06
0.00013688560026459034	0.0001331945548889828	-3.6910453756075436e-06	3.6910453756075436e-06
0.00013688560026459034	0.0001331945548889828	-3.6910453756075436e-06	3.6910453756075436e-06
0.00013688560026459031	0.00013319455488898277	-3.6910453756075436e-06	3.6910453756075436e-06
0.00013688560026459034	0.0001331945548889828	-3.6910453756075436e-06	3.6910453756075436e-06
0.00013688560026459031	0.0001331945548889828	-3.6910453756075164e-06	3.6910453756075164e-06
0.00013688560026459037	0.0001331945548890035	-3.6910453755868624e-06	3.6910453755868624e-06
0.00013688560026459037	0.0001331945548890035	-3.6910453755868624e-06	3.6910453755868624e-06
0.00013688560026459037	0.00013319455488900353	-3.6910453755868353e-06	3.6910453755868353e-06
0.00013688560026459037	0.00013319455488900353	-3.6910453755868353e-06	3.6910453755868353e-06
0.00013688560026459034	0.0001331945548890035	-3.6910453755868353e-06	3.6910453755868353e-06
0.00013688560026459037	0.00013319455488900353	-3.6910453755868353e-06	3.6910453755868353e-06
0.00013688560026459037	0.00013319455488900353	-3.6910453755868353e-06	3.6910453755868353e-06
0.00013688560026459031	0.00013319455488908048	-3.69104537550983e-06	3.69104537550983e-06
0.00013688560026459031	0.0001331945548890832	-3.6910453755071193e-06	3.6910453755071193e-06
0.00013688560026459034	0.00013319455488908325	-3.6910453755070922e-06	3.6910453755070922e-06
0.00013688560026459034	0.00013319455488908325	-3.6910453755070922e-06	3.6910453755070922e-06
0.00013688560026459031	0.00013319455488908322	-3.6910453755070922e-06	3.6910453755070922e-06
0.00013688560026459034	0.00013319455488908325	-3.6910453755070922e-06	3.6910453755070922e-06
0.00013688560026459034	0.00013319455488908325	-3.6910453755070922e-06	3.6910453755070922e-06
0.00013688560026459031	0.00013319455488908322	-3.6910453755070922e-06	3.6910453755070922e-06
0.00013688560026459031	0.00013319455488908322	-3.6910453755070922e-06	3.6910453755070922e-06
0.00013688560026459031	0.00013319455488908322	-3.6910453755070922e-06	3.6910453755070922e-06
0.00013688560026459037	0.00013319455488908328	-3.6910453755070922e-06	3.6910453755070922e-06
-0.00013688560026459034	-0.00013319455488908325	3.6910453755070922e-06	3.6910453755070922e-06
0.0001368856002645903	0.00013319455488908322	-3.691045375507065e-06	3.691045375507065e-06
0.00013688560026459037	0.0001331945548890833	-3.691045375507065e-06	3.691045375507065e-06
0.00013688560026459031	0.00013319455488908325	-3.691045375507065e-06	3.691045375507065e-06
0.00013688560026459031	0.00013319455488908325	-3.691045375507065e-06	3.691045375507065e-06
0.00013688560026459031	0.00013319455488908325	-3.691045375507065e-06	3.691045375507065e-06
0.00013688560026459034	0.00013319455488908328	-3.691045375507065e-06	3.691045375507065e-06
0.00013688560026459031	0.00013319455488908325	-3.691045375507065e-06	3.691045375507065e-06
0.00013688560026459034	0.00013319455488908328	-3.691045375507065e-06	3.691045375507065e-06
0.00013688560026459031	0.00013319455488908325	-3.691045375507065e-06	3.691045375507065e-06
0.00013688560026459031	0.00013319455488908325	-3.691045375507065e-06	3.691045375507065e-06
0.0001368856002645903	0.00013319455488908322	-3.691045375507065e-06	3.691045375507065e-06
0.00013688560026459034	0.00013319455488908328	-3.691045375507065e-06	3.691045375507065e-06
0.00013688560026459034	0.00013319455488908328	-3.691045375507065e-06	3.691045375507065e-06
0.0001368856002645903	0.00013319455488908322	-3.691045375507065e-06	3.691045375507065e-06
0.00013688560026459031	0.00013319455488908325	-3.691045375507065e-06	3.691045375507065e-06
0.00013688560026459034	0.00013319455488908328	-3.691045375507065e-06	3.691045375507065e-06
0.00013688560026459037	0.0001331945548890833	-3.691045375507065e-06	3.691045375507065e-06
0.00013688560026459031	0.00013319455488908325	-3.691045375507065e-06	3.691045375507065e-06
0.00013688560026459034	0.00013319455488908328	-3.691045375507065e-06	3.691045375507065e-06
0.0001368856002645903	0.00013319455488908322	-3.691045375507065e-06	3.691045375507065e-06
0.00013688560026459037	0.0001331945548890833	-3.691045375507065e-06	3.691045375507065e-06
0.0001368856002645903	0.00013319455488908322	-3.691045375507065e-06	3.691045375507065e-06
0.00013688560026459031	0.00013319455488908325	-3.691045375507065e-06	3.691045375507065e-06
0.00013688560026459031	0.00013319455488908325	-3.691045375507065e-06	3.691045375507065e-06
0.00013688560026459031	0.00013319455488908325	-3.691045375507065e-06	3.691045375507065e-06
0.00013688560026459034	0.00013319455488908328	-3.691045375507065e-06	3.691045375507065e-06
0.0001368856002645903	0.00013319455488908322	-3.691045375507065e-06	3.691045375507065e-06
0.00013688560026459034	0.00013319455488908328	-3.691045375507065e-06	3.691045375507065e-06
0.00013688560026459034	0.00013319455488908328	-3.691045375507065e-06	3.691045375507065e-06
-0.00013688560026459034	-0.0001331945548890833	3.691045375507038e-06	3.691045375507038e-06
0.00013688560026459031	0.00013319455488908328	-3.691045375507038e-06	3.691045375507038e-06
0.00013688560026459031	0.00013319455488908328	-3.691045375507038e-06	3.691045375507038e-06
0.00013688560026459031	0.00013319455488908328	-3.691045375507038e-06	3.691045375507038e-06
0.00013688560026459031	0.00013319455488908328	-3.691045375507038e-06	3.691045375507038e-06
0.00013688560026459026	0.00013319455488908322	-3.691045375507038e-06	3.691045375507038e-06
0.0001368856002645903	0.00013319455488908325	-3.691045375507038e-06	3.691045375507038e-06
0.00013688560026459026	0.00013319455488908322	-3.691045375507038e-06	3.691045375507038e-06
0.00013688560026459031	0.00013319455488908328	-3.691045375507038e-06	3.691045375507038e-06
0.0001368856002645903	0.00013319455488908325	-3.691045375507038e-06	3.691045375507038e-06
0.00013688560026459031	0.00013319455488908328	-3.691045375507038e-06	3.691045375507038e-06
0.00013688560026459026	0.00013319455488908322	-3.691045375507038e-06	3.691045375507038e-06
0.00013688560026459031	0.00013319455488908328	-3.691045375507038e-06	3.691045375507038e-06
0.0001368856002645903	0.00013319455488908325	-3.691045375507038e-06	3.691045375507038e-06
0.0001368856002645903	0.00013319455488908325	-3.691045375507038e-06	3.691045375507038e-06
0.0001368856002645903	0.00013319455488908325	-3.691045375507038e-06	3.691045375507038e-06
0.0001368856002645903	0.00013319455488908325	-3.691045375507038e-06	3.691045375507038e-06
0.00013688560026459031	0.00013319455488908328	-3.691045375507038e-06	3.691045375507038e-06
0.0001368856002645903	0.00013319455488908325	-3.691045375507038e-06	3.691045375507038e-06
-0.00013688560026459026	-0.00013319455488908322	3.691045375507038e-06	3.691045375507038e-06
0.00013688560026459031	0.00013319455488908328	-3.691045375507038e-06	3.691045375507038e-06
0.0001368856002645903	0.00013319455488908325	-3.691045375507038e-06	3.691045375507038e-06
-0.00013688560026459031	-0.00013319455488908328	3.691045375507038e-06	3.691045375507038e-06
0.00013688560026459026	0.00013319455488908322	-3.691045375507038e-06	3.691045375507038e-06
0.00013688560026459031	0.00013319455488908328	-3.691045375507038e-06	3.691045375507038e-06
0.0001368856002645903	0.00013319455488908325	-3.691045375507038e-06	3.691045375507038e-06
0.00013688560026459034	0.0001331945548890833	-3.691045375507038e-06	3.691045375507038e-06
0.00013688560026459034	0.0001331945548890833	-3.691045375507038e-06	3.691045375507038e-06
0.0001368856002645903	0.00013319455488908325	-3.691045375507038e-06	3.691045375507038e-06
0.00013688560026459031	0.00013319455488908328	-3.691045375507038e-06	3.691045375507038e-06
0.00013688560026459026	0.00013319455488908325	-3.691045375507011e-06	3.691045375507011e-06
0.00013688560026459031	0.0001331945548890833	-3.691045375507011e-06	3.691045375507011e-06
0.00013688560026459026	0.00013319455488908325	-3.691045375507011e-06	3.691045375507011e-06
0.00013688560026459031	0.0001331945548890833	-3.691045375507011e-06	3.691045375507011e-06
0.00013688560026459031	0.0001331945548890833	-3.691045375507011e-06	3.691045375507011e-06
0.00013688560026459031	0.0001331945548890833	-3.691045375507011e-06	3.691045375507011e-06
0.00013688560026459031	0.0001331945548890833	-3.691045375507011e-06	3.691045375507011e-06
0.0001368856002645903	0.00013319455488908328	-3.691045375507011e-06	3.691045375507011e-06
0.0001178566603174948	0.00011467871990450218	-3.177940412992623e-06	3.177940412992623e-06
0.00010680759841272968	0.00010392758991345513	-2.880008499274553e-06	2.880008499274553e-06
6.844280013229514e-05	6.659727744454164e-05	-1.8455226877535055e-06	1.8455226877535055e-06
4.051322698413884e-05	3.942080996717263e-05	-1.0924170169662086e-06	1.0924170169662086e-06
4.051322698413884e-05	3.942080996717263e-05	-1.0924170169662086e-06	1.0924170169662086e-06
4.051322698413884e-05	3.942080996717263e-05	-1.0924170169662086e-06	1.0924170169662086e-06
3.37610224867847e-05	3.2850674972642224e-05	-9.103475141424792e-07	9.103475141424792e-07
0.0	-7.449326674662848e-07	-7.449326674662848e-07	7.449326674662848e-07
0.0	7.449326674662847e-07	7.449326674662847e-07	7.449326674662847e-07
0.0	-7.449326674662847e-07	-7.449326674662847e-07	7.449326674662847e-07
1.1049061904765138e-05	1.0751129991047082e-05	-2.9793191371805627e-07	2.9793191371805627e-07
0.0	-1.0041664562098769e-16	-1.0041664562098769e-16	1.0041664562098769e-16
0.0	-1.0041664562098769e-16	-1.0041664562098769e-16	1.0041664562098769e-16
0.0	1.0041664562098768e-16	1.0041664562098768e-16	1.0041664562098768e-16
0.0	1.4168111727743636e-18	1.4168111727743636e-18	1.4168111727743636e-18
0.0	-1.4168111727743636e-18	-1.4168111727743636e-18	1.4168111727743636e-18
0.0	-1.4168111727743636e-18	-1.4168111727743636e-18	1.4168111727743636e-18
0.0	1.4168111727743636e-18	1.4168111727743636e-18	1.4168111727743636e-18
0.0	0.0	0.0	0.0
0.0	0.0	0.0	0.0
0.0	0.0	0.0	0.0
0.0	0.0	0.0	0.0
0.0	0.0	0.0	0.0
0.0	0.0	0.0	0.0
0.0	0.0	0.0	0.0
0.0	0.0	0.0	0.0
0.0	0.0	0.0	0.0
0.0	0.0	0.0	0.0
0.0	0.0	0.0	0.0
0.0	0.0	0.0	0.0
0.0	0.0	0.0	0.0
0.0	0.0	0.0	0.0
0.0	0.0	0.0	0.0
0.0	0.0	0.0	0.0
0.0	0.0	0.0	0.0
0.0	0.0	0.0	0.0
0.0	0.0	0.0	0.0
0.0	0.0	0.0	0.0
0.0	0.0	0.0	0.0
0.0	0.0	0.0	0.0
0.0	0.0	0.0	0.0
0.0	0.0	0.0	0.0
0.0	0.0	0.0	0.0
0.0	0.0	0.0	0.0
0.0	0.0	0.0	0.0
0.0	0.0	0.0	0.0
0.0	0.0	0.0	0.0
0.0	0.0	0.0	0.0
0.0	0.0	0.0	0.0
0.0	0.0	0.0	0.0
0.0	0.0	0.0	0.0
0.0	0.0	0.0	0.0
0.0	0.0	0.0	0.0
0.0	0.0	0.0	0.0
0.0	0.0	0.0	0.0
0.0	0.0	0.0	0.0
0.0	0.0	0.0	0.0
0.0	0.0	0.0	0.0
0.0	0.0	0.0	0.0
0.0	0.0	0.0	0.0
0.0	0.0	0.0	0.0
0.0	0.0	0.0	0.0
0.0	0.0	0.0	0.0
0.0	0.0	0.0	0.0
0.0	0.0	0.0	0.0
0.0	0.0	0.0	0.0
0.0	0.0	0.0	0.0
0.0	0.0	0.0	0.0
0.0	0.0	0.0	0.0
0.0	0.0	0.0	0.0
0.0	0.0	0.0	0.0
0.0	0.0	0.0	0.0
0.0	0.0	0.0	0.0
0.0	0.0	0.0	0.0
0.0	0.0	0.0	0.0
0.0	0.0	0.0	0.0
0.0	0.0	0.0	0.0
0.0	0.0	0.0	0.0
0.0	0.0	0.0	0.0
0.0	0.0	0.0	0.0
0.0	0.0	0.0	0.0
0.0	0.0	0.0	0.0
0.0	0.0	0.0	0.0
0.0	0.0	0.0	0.0
0.0	0.0	0.0	0.0
0.0	0.0	0.0	0.0
0.0	0.0	0.0	0.0
0.0	0.0	0.0	0.0
0.0	0.0	0.0	0.0
0.0	0.0	0.0	0.0
0.0	0.0	0.0	0.0
0.0	0.0	0.0	0.0
0.0	0.0	0.0	0.0
0.0	0.0	0.0	0.0
0.0	0.0	0.0	0.0
0.0	0.0	0.0	0.0
0.0	0.0	0.0	0.0
0.0	0.0	0.0	0.0
0.0	0.0	0.0	0.0
0.0	0.0	0.0	0.0
0.0	0.0	0.0	0.0
0.0	0.0	0.0	0.0
0.0	0.0	0.0	0.0
0.0	0.0	0.0	0.0
0.0	0.0	0.0	0.0
0.0	0.0	0.0	0.0
0.0	0.0	0.0	0.0
0.0	0.0	0.0	0.0
0.0	0.0	0.0	0.0
0.0	0.0	0.0	0.0
0.0	0.0	0.0	0.0
0.0	0.0	0.0	0.0
0.0	0.0	0.0	0.0
0.0	0.0	0.0	0.0
0.0	0.0	0.0	0.0
0.0	0.0	0.0	0.0
0.0	0.0	0.0	0.0
0.0	0.0	0.0	0.0
0.0	0.0	0.0	0.0
0.0	0.0	0.0	0.0
0.0	0.0	0.0	0.0
0.0	0.0	0.0	0.0
0.0	0.0	0.0	0.0
0.0	0.0	0.0	0.0
0.0	0.0	0.0	0.0
0.0	0.0	0.0	0.0
0.0	0.0	0.0	0.0
0.0	0.0	0.0	0.0
0.0	0.0	0.0	0.0
0.0	0.0	0.0	0.0
0.0	0.0	0.0	0.0
0.0	0.0	0.0	0.0
0.0	0.0	0.0	0.0
0.0	0.0	0.0	0.0
0.0	0.0	0.0	0.0
0.0	0.0	0.0	0.0
0.0	0.0	0.0	0.0
0.0	0.0	0.0	0.0
0.0	0.0	0.0	0.0
0.0	0.0	0.0	0.0
0.0	0.0	0.0	0.0
0.0	0.0	0.0	0.0
0.0	0.0	0.0	0.0
0.0	0.0	0.0	0.0
0.0	0.0	0.0	0.0
0.0	0.0	0.0	0.0
0.0	0.0	0.0	0.0
0.0	0.0	0.0	0.0
0.0	0.0	0.0	0.0
0.0	0.0	0.0	0.0
0.0	0.0	0.0	0.0
0.0	0.0	0.0	0.0
0.0	0.0	0.0	0.0
0.0	0.0	0.0	0.0
0.0	0.0	0.0	0.0
0.0	0.0	0.0	0.0
0.0	0.0	0.0	0.0
0.0	0.0	0.0	0.0
0.0	0.0	0.0	0.0
0.0	0.0	0.0	0.0
0.0	0.0	0.0	0.0
0.0	0.0	0.0	0.0
0.0	0.0	0.0	0.0
0.0	0.0	0.0	0.0
0.0	0.0	0.0	0.0
0.0	0.0	0.0	0.0
0.0	0.0	0.0	0.0
0.0	0.0	0.0	0.0
0.0	0.0	0.0	0.0
0.0	0.0	0.0	0.0
0.0	0.0	0.0	0.0
0.0	0.0	0.0	0.0
0.0	0.0	0.0	0.0
0.0	0.0	0.0	0.0
0.0	0.0	0.0	0.0
0.0	0.0	0.0	0.0
0.0	0.0	0.0	0.0
0.0	0.0	0.0	0.0
0.0	0.0	0.0	0.0
0.0	0.0	0.0	0.0
0.0	0.0	0.0	0.0
0.0	0.0	0.0	0.0
0.0	0.0	0.0	0.0
0.0	0.0	0.0	0.0
0.0	0.0	0.0	0.0
0.0	0.0	0.0	0.0
0.0	0.0	0.0	0.0
0.0	0.0	0.0	0.0
0.0	0.0	0.0	0.0
0.0	0.0	0.0	0.0
0.0	0.0	0.0	0.0
0.0	0.0	0.0	0.0
0.0	0.0	0.0	0.0
0.0	0.0	0.0	0.0
0.0	0.0	0.0	0.0
0.0	0.0	0.0	0.0
0.0	0.0	0.0	0.0
0.0	0.0	0.0	0.0
0.0	0.0	0.0	0.0
0.0	0.0	0.0	0.0
0.0	0.0	0.0	0.0
0.0	0.0	0.0	0.0
0.0	0.0	0.0	0.0
0.0	0.0	0.0	0.0
0.0	0.0	0.0	0.0
0.0	0.0	0.0	0.0
0.0	0.0	0.0	0.0
0.0	0.0	0.0	0.0
0.0	0.0	0.0	0.0
0.0	0.0	0.0	0.0
0.0	0.0	0.0	0.0
0.0	0.0	0.0	0.0
0.0	0.0	0.0	0.0
0.0	0.0	0.0	0.0
0.0	0.0	0.0	0.0
0.0	0.0	0.0	0.0
0.0	0.0	0.0	0.0
0.0	0.0	0.0	0.0
0.0	0.0	0.0	0.0
0.0	0.0	0.0	0.0
0.0	0.0	0.0	0.0
0.0	0.0	0.0	0.0
0.0	0.0	0.0	0.0
0.0	0.0	0.0	0.0
0.0	0.0	0.0	0.0
0.0	0.0	0.0	0.0
0.0	0.0	0.0	0.0
0.0	0.0	0.0	0.0
0.0	0.0	0.0	0.0
0.0	0.0	0.0	0.0
0.0	0.0	0.0	0.0
0.0	0.0	0.0	0.0
0.0	0.0	0.0	0.0
0.0	0.0	0.0	0.0
0.0	0.0	0.0	0.0
0.0	0.0	0.0	0.0
0.0	0.0	0.0	0.0
0.0	0.0	0.0	0.0
0.0	0.0	0.0	0.0
0.0	0.0	0.0	0.0
0.0	0.0	0.0	0.0
0.0	0.0	0.0	0.0
0.0	0.0	0.0	0.0
0.0	0.0	0.0	0.0
0.0	0.0	0.0	0.0
0.0	0.0	0.0	0.0
0.0	0.0	0.0	0.0
0.0	0.0	0.0	0.0
0.0	0.0	0.0	0.0
0.0	0.0	0.0	0.0
0.0	0.0	0.0	0.0
0.0	0.0	0.0	0.0
0.0	0.0	0.0	0.0
0.0	0.0	0.0	0.0
0.0	0.0	0.0	0.0
0.0	0.0	0.0	0.0
0.0	0.0	0.0	0.0
0.0	0.0	0.0	0.0
0.0	0.0	0.0	0.0
0.0	0.0	0.0	0.0
0.0	0.0	0.0	0.0
0.0	0.0	0.0	0.0
0.0	0.0	0.0	0.0
0.0	0.0	0.0	0.0
0.0	0.0	0.0	0.0
0.0	0.0	0.0	0.0
0.0	0.0	0.0	0.0
0.0	0.0	0.0	0.0
0.0	0.0	0.0	0.0
0.0	0.0	0.0	0.0
0.0	0.0	0.0	0.0
0.0	0.0	0.0	0.0
0.0	0.0	0.0	0.0
0.0	0.0	0.0	0.0
0.0	0.0	0.0	0.0
0.0	0.0	0.0	0.0
0.0	0.0	0.0	0.0
0.0	0.0	0.0	0.0
0.0	0.0	0.0	0.0
0.0	0.0	0.0	0.0
0.0	0.0	0.0	0.0
0.0	0.0	0.0	0.0
0.0	0.0	0.0	0.0
0.0	0.0	0.0	0.0
0.0	0.0	0.0	0.0
0.0	0.0	0.0	0.0
0.0	0.0	0.0	0.0
0.0	0.0	0.0	0.0
0.0	0.0	0.0	0.0
0.0	0.0	0.0	0.0
0.0	0.0	0.0	0.0
0.0	0.0	0.0	0.0
0.0	0.0	0.0	0.0
0.0	0.0	0.0	0.0
0.0	0.0	0.0	0.0
0.0	0.0	0.0	0.0
0.0	0.0	0.0	0.0
0.0	0.0	0.0	0.0
0.0	0.0	0.0	0.0
0.0	0.0	0.0	0.0
0.0	0.0	0.0	0.0
0.0	0.0	0.0	0.0
0.0	0.0	0.0	0.0
0.0	0.0	0.0	0.0
0.0	0.0	0.0	0.0
0.0	0.0	0.0	0.0
0.0	0.0	0.0	0.0
0.0	0.0	0.0	0.0
0.0	0.0	0.0	0.0
0.0	0.0	0.0	0.0
0.0	0.0	0.0	0.0
0.0	0.0	0.0	0.0
0.0	0.0	0.0	0.0
0.0	0.0	0.0	0.0
0.0	0.0	0.0	0.0
0.0	0.0	0.0	0.0
0.0	0.0	0.0	0.0
0.0	0.0	0.0	0.0
0.0	0.0	0.0	0.0
0.0	0.0	0.0	0.0
0.0	0.0	0.0	0.0
0.0	0.0	0.0	0.0
0.0	0.0	0.0	0.0
0.0	0.0	0.0	0.0
0.0	0.0	0.0	0.0
0.0	0.0	0.0	0.0
0.0	0.0	0.0	0.0
0.0	0.0	0.0	0.0
0.0	0.0	0.0	0.0
0.0	0.0	0.0	0.0
0.0	0.0	0.0	0.0
0.0	0.0	0.0	0.0
0.0	0.0	0.0	0.0
0.0	0.0	0.0	0.0
0.0	0.0	0.0	0.0
0.0	0.0	0.0	0.0
0.0	0.0	0.0	0.0
0.0	0.0	0.0	0.0
0.0	0.0	0.0	0.0
0.0	0.0	0.0	0.0
0.0	0.0	0.0	0.0
0.0	0.0	0.0	0.0
0.0	0.0	0.0	0.0
0.0	0.0	0.0	0.0
0.0	0.0	0.0	0.0
0.0	0.0	0.0	0.0
0.0	0.0	0.0	0.0
0.0	0.0	0.0	0.0
0.0	0.0	0.0	0.0
0.0	0.0	0.0	0.0
0.0	0.0	0.0	0.0
0.0	0.0	0.0	0.0
0.0	0.0	0.0	0.0
0.0	0.0	0.0	0.0
0.0	0.0	0.0	0.0
0.0	0.0	0.0	0.0
0.0	0.0	0.0	0.0
0.0	0.0	0.0	0.0
0.0	0.0	0.0	0.0
0.0	0.0	0.0	0.0
0.0	0.0	0.0	0.0
0.0	0.0	0.0	0.0
0.0	0.0	0.0	0.0
0.0	0.0	0.0	0.0
0.0	0.0	0.0	0.0
0.0	0.0	0.0	0.0
0.0	0.0	0.0	0.0
0.0	0.0	0.0	0.0
0.0	0.0	0.0	0.0
0.0	0.0	0.0	0.0
0.0	0.0	0.0	0.0
0.0	0.0	0.0	0.0
0.0	0.0	0.0	0.0
0.0	0.0	0.0	0.0
0.0	0.0	0.0	0.0
0.0	0.0	0.0	0.0
0.0	0.0	0.0	0.0
0.0	0.0	0.0	0.0
0.0	0.0	0.0	0.0
0.0	0.0	0.0	0.0
0.0	0.0	0.0	0.0
0.0	0.0	0.0	0.0
0.0	0.0	0.0	0.0
0.0	0.0	0.0	0.0
0.0	0.0	0.0	0.0
0.0	0.0	0.0	0.0
0.0	0.0	0.0	0.0
0.0	0.0	0.0	0.0
0.0	0.0	0.0	0.0
0.0	0.0	0.0	0.0
0.0	0.0	0.0	0.0
0.0	0.0	0.0	0.0
0.0	0.0	0.0	0.0
0.0	0.0	0.0	0.0
0.0	0.0	0.0	0.0
0.0	0.0	0.0	0.0
0.0	0.0	0.0	0.0
0.0	0.0	0.0	0.0
0.0	0.0	0.0	0.0
0.0	0.0	0.0	0.0
0.0	0.0	0.0	0.0
0.0	0.0	0.0	0.0
0.0	0.0	0.0	0.0
0.0	0.0	0.0	0.0
0.0	0.0	0.0	0.0
0.0	0.0	0.0	0.0
0.0	0.0	0.0	0.0
0.0	0.0	0.0	0.0
0.0	0.0	0.0	0.0
0.0	0.0	0.0	0.0
0.0	0.0	0.0	0.0
0.0	0.0	0.0	0.0
0.0	0.0	0.0	0.0
0.0	0.0	0.0	0.0
0.0	0.0	0.0	0.0
0.0	0.0	0.0	0.0
0.0	0.0	0.0	0.0
0.0	0.0	0.0	0.0
0.0	0.0	0.0	0.0
0.0	0.0	0.0	0.0
0.0	0.0	0.0	0.0
0.0	0.0	0.0	0.0
0.0	0.0	0.0	0.0
0.0	0.0	0.0	0.0
0.0	0.0	0.0	0.0
0.0	0.0	0.0	0.0
0.0	0.0	0.0	0.0
0.0	0.0	0.0	0.0
0.0	0.0	0.0	0.0
0.0	0.0	0.0	0.0
0.0	0.0	0.0	0.0
0.0	0.0	0.0	0.0
0.0	0.0	0.0	0.0
0.0	0.0	0.0	0.0
0.0	0.0	0.0	0.0
0.0	0.0	0.0	0.0
0.0	0.0	0.0	0.0
0.0	0.0	0.0	0.0
0.0	0.0	0.0	0.0
0.0	0.0	0.0	0.0
0.0	0.0	0.0	0.0
0.0	0.0	0.0	0.0
0.0	0.0	0.0	0.0
0.0	0.0	0.0	0.0
0.0	0.0	0.0	0.0
0.0	0.0	0.0	0.0
0.0	0.0	0.0	0.0
0.0	0.0	0.0	0.0
0.0	0.0	0.0	0.0
0.0	0.0	0.0	0.0
0.0	0.0	0.0	0.0
0.0	0.0	0.0	0.0
0.0	0.0	0.0	0.0
0.0	0.0	0.0	0.0
0.0	0.0	0.0	0.0
0.0	0.0	0.0	0.0
0.0	0.0	0.0	0.0
0.0	0.0	0.0	0.0
0.0	0.0	0.0	0.0
0.0	0.0	0.0	0.0
0.0	0.0	0.0	0.0
0.0	0.0	0.0	0.0
0.0	0.0	0.0	0.0
0.0	0.0	0.0	0.0
0.0	0.0	0.0	0.0
0.0	0.0	0.0	0.0
0.0	0.0	0.0	0.0
0.0	0.0	0.0	0.0
0.0	0.0	0.0	0.0
0.0	0.0	0.0	0.0
0.0	0.0	0.0	0.0
0.0	0.0	0.0	0.0
0.0	0.0	0.0	0.0
0.0	0.0	0.0	0.0
0.0	0.0	0.0	0.0
0.0	0.0	0.0	0.0
0.0	0.0	0.0	0.0
0.0	0.0	0.0	0.0
0.0	0.0	0.0	0.0
0.0	0.0	0.0	0.0
0.0	0.0	0.0	0.0
0.0	0.0	0.0	0.0
0.0	0.0	0.0	0.0
0.0	0.0	0.0	0.0
0.0	0.0	0.0	0.0
0.0	0.0	0.0	0.0
0.0	0.0	0.0	0.0
0.0	0.0	0.0	0.0
0.0	0.0	0.0	0.0
0.0	0.0	0.0	0.0
0.0	0.0	0.0	0.0
0.0	0.0	0.0	0.0
0.0	0.0	0.0	0.0
0.0	0.0	0.0	0.0
0.0	0.0	0.0	0.0
0.0	0.0	0.0	0.0
0.0	0.0	0.0	0.0
0.0	0.0	0.0	0.0
0.0	0.0	0.0	0.0
0.0	0.0	0.0	0.0
0.0	0.0	0.0	0.0
0.0	0.0	0.0	0.0
0.0	0.0	0.0	0.0
0.0	0.0	0.0	0.0
0.0	0.0	0.0	0.0
0.0	0.0	0.0	0.0
0.0	0.0	0.0	0.0
0.0	0.0	0.0	0.0
0.0	0.0	0.0	0.0
0.0	0.0	0.0	0.0
0.0	0.0	0.0	0.0
0.0	0.0	0.0	0.0
0.0	0.0	0.0	0.0
0.0	0.0	0.0	0.0
0.0	0.0	0.0	0.0
0.0	0.0	0.0	0.0
0.0	0.0	0.0	0.0
0.0	0.0	0.0	0.0
0.0	0.0	0.0	0.0
0.0	0.0	0.0	0.0
0.0	0.0	0.0	0.0
0.0	0.0	0.0	0.0
0.0	0.0	0.0	0.0
0.0	0.0	0.0	0.0
0.0	0.0	0.0	0.0
0.0	0.0	0.0	0.0
0.0	0.0	0.0	0.0
0.0	0.0	0.0	0.0
0.0	0.0	0.0	0.0
0.0	0.0	0.0	0.0
0.0	0.0	0.0	0.0
0.0	0.0	0.0	0.0
0.0	0.0	0.0	0.0
0.0	0.0	0.0	0.0
0.0	0.0	0.0	0.0
0.0	0.0	0.0	0.0
0.0	0.0	0.0	0.0
0.0	0.0	0.0	0.0
0.0	0.0	0.0	0.0
0.0	0.0	0.0	0.0
0.0	0.0	0.0	0.0
0.0	0.0	0.0	0.0
0.0	0.0	0.0	0.0
0.0	0.0	0.0	0.0
0.0	0.0	0.0	0.0
0.0	0.0	0.0	0.0
0.0	0.0	0.0	0.0
0.0	0.0	0.0	0.0
0.0	0.0	0.0	0.0
0.0	0.0	0.0	0.0
0.0	0.0	0.0	0.0
0.0	0.0	0.0	0.0
0.0	0.0	0.0	0.0
0.0	0.0	0.0	0.0
0.0	0.0	0.0	0.0
0.0	0.0	0.0	0.0
0.0	0.0	0.0	0.0
0.0	0.0	0.0	0.0
0.0	0.0	0.0	0.0
0.0	0.0	0.0	0.0
0.0	0.0	0.0	0.0
0.0	0.0	0.0	0.0
0.0	0.0	0.0	0.0
0.0	0.0	0.0	0.0
0.0	0.0	0.0	0.0
0.0	0.0	0.0	0.0
0.0	0.0	0.0	0.0
0.0	0.0	0.0	0.0
0.0	0.0	0.0	0.0
0.0	0.0	0.0	0.0
0.0	0.0	0.0	0.0
0.0	0.0	0.0	0.0
0.0	0.0	0.0	0.0
0.0	0.0	0.0	0.0
0.0	0.0	0.0	0.0
0.0	0.0	0.0	0.0
0.0	0.0	0.0	0.0
0.0	0.0	0.0	0.0
0.0	0.0	0.0	0.0
0.0	0.0	0.0	0.0
0.0	0.0	0.0	0.0
0.0	0.0	0.0	0.0
0.0	0.0	0.0	0.0
0.0	0.0	0.0	0.0
0.0	0.0	0.0	0.0
0.0	0.0	0.0	0.0
0.0	0.0	0.0	0.0
0.0	0.0	0.0	0.0
0.0	0.0	0.0	0.0
0.0	0.0	0.0	0.0
0.0	0.0	0.0	0.0
0.0	0.0	0.0	0.0
0.0	0.0	0.0	0.0
0.0	0.0	0.0	0.0
0.0	0.0	0.0	0.0
0.0	0.0	0.0	0.0
0.0	0.0	0.0	0.0
0.0	0.0	0.0	0.0
0.0	0.0	0.0	0.0
0.0	0.0	0.0	0.0
0.0	0.0	0.0	0.0
0.0	0.0	0.0	0.0
0.0	0.0	0.0	0.0
0.0	0.0	0.0	0.0
0.0	0.0	0.0	0.0
0.0	0.0	0.0	0.0
0.0	0.0	0.0	0.0
0.0	0.0	0.0	0.0
0.0	0.0	0.0	0.0
0.0	0.0	0.0	0.0
0.0	0.0	0.0	0.0
0.0	0.0	0.0	0.0
0.0	0.0	0.0	0.0
0.0	0.0	0.0	0.0
0.0	0.0	0.0	0.0
0.0	0.0	0.0	0.0
0.0	0.0	0.0	0.0
0.0	0.0	0.0	0.0
0.0	0.0	0.0	0.0
0.0	0.0	0.0	0.0
0.0	0.0	0.0	0.0
0.0	0.0	0.0	0.0
0.0	0.0	0.0	0.0
0.0	0.0	0.0	0.0
0.0	0.0	0.0	0.0
0.0	0.0	0.0	0.0
0.0	0.0	0.0	0.0
0.0	0.0	0.0	0.0
0.0	0.0	0.0	0.0
0.0	0.0	0.0	0.0
0.0	0.0	0.0	0.0
0.0	0.0	0.0	0.0
0.0	0.0	0.0	0.0
0.0	0.0	0.0	0.0
0.0	0.0	0.0	0.0
0.0	0.0	0.0	0.0
0.0	0.0	0.0	0.0
0.0	0.0	0.0	0.0
0.0	0.0	0.0	0.0
0.0	0.0	0.0	0.0
0.0	0.0	0.0	0.0
0.0	0.0	0.0	0.0
0.0	0.0	0.0	0.0
0.0	0.0	0.0	0.0
0.0	0.0	0.0	0.0
0.0	0.0	0.0	0.0
0.0	0.0	0.0	0.0
0.0	0.0	0.0	0.0
0.0	0.0	0.0	0.0
0.0	0.0	0.0	0.0
0.0	0.0	0.0	0.0
0.0	0.0	0.0	0.0
0.0	0.0	0.0	0.0
0.0	0.0	0.0	0.0
0.0	0.0	0.0	0.0
0.0	0.0	0.0	0.0
0.0	0.0	0.0	0.0
0.0	0.0	0.0	0.0
0.0	0.0	0.0	0.0
0.0	0.0	0.0	0.0
0.0	0.0	0.0	0.0
0.0	0.0	0.0	0.0
0.0	0.0	0.0	0.0
0.0	0.0	0.0	0.0
0.0	0.0	0.0	0.0
0.0	0.0	0.0	0.0
0.0	0.0	0.0	0.0
0.0	0.0	0.0	0.0
0.0	0.0	0.0	0.0
0.0	0.0	0.0	0.0
0.0	0.0	0.0	0.0
0.0	0.0	0.0	0.0
0.0	0.0	0.0	0.0
0.0	0.0	0.0	0.0
0.0	0.0	0.0	0.0
0.0	0.0	0.0	0.0
0.0	0.0	0.0	0.0
0.0	0.0	0.0	0.0
0.0	0.0	0.0	0.0
0.0	0.0	0.0	0.0
0.0	0.0	0.0	0.0
0.0	0.0	0.0	0.0
0.0	0.0	0.0	0.0
0.0	0.0	0.0	0.0
0.0	0.0	0.0	0.0
0.0	0.0	0.0	0.0
0.0	0.0	0.0	0.0
0.0	0.0	0.0	0.0
0.0	0.0	0.0	0.0
0.0	0.0	0.0	0.0
0.0	0.0	0.0	0.0
0.0	0.0	0.0	0.0
0.0	0.0	0.0	0.0
0.0	0.0	0.0	0.0
0.0	0.0	0.0	0.0
0.0	0.0	0.0	0.0
0.0	0.0	0.0	0.0
0.0	0.0	0.0	0.0
0.0	0.0	0.0	0.0
0.0	0.0	0.0	0.0
0.0	0.0	0.0	0.0
0.0	0.0	0.0	0.0
0.0	0.0	0.0	0.0
0.0	0.0	0.0	0.0
0.0	0.0	0.0	0.0
0.0	0.0	0.0	0.0
0.0	0.0	0.0	0.0
0.0	0.0	0.0	0.0
0.0	0.0	0.0	0.0
0.0	0.0	0.0	0.0
0.0	0.0	0.0	0.0
0.0	0.0	0.0	0.0
0.0	0.0	0.0	0.0
0.0	0.0	0.0	0.0
0.0	0.0	0.0	0.0
0.0	0.0	0.0	0.0
0.0	0.0	0.0	0.0
0.0	0.0	0.0	0.0
0.0	0.0	0.0	0.0
0.0	0.0	0.0	0.0
0.0	0.0	0.0	0.0
0.0	0.0	0.0	0.0
0.0	0.0	0.0	0.0
0.0	0.0	0.0	0.0
0.0	0.0	0.0	0.0
0.0	0.0	0.0	0.0
0.0	0.0	0.0	0.0
0.0	0.0	0.0	0.0
0.0	0.0	0.0	0.0
0.0	0.0	0.0	0.0
0.0	0.0	0.0	0.0
0.0	0.0	0.0	0.0
0.0	0.0	0.0	0.0
0.0	0.0	0.0	0.0
0.0	0.0	0.0	0.0
0.0	0.0	0.0	0.0
0.0	0.0	0.0	0.0
0.0	0.0	0.0	0.0
0.0	0.0	0.0	0.0
0.0	0.0	0.0	0.0
0.0	0.0	0.0	0.0
0.0	0.0	0.0	0.0
0.0	0.0	0.0	0.0
0.0	0.0	0.0	0.0
0.0	0.0	0.0	0.0
0.0	0.0	0.0	0.0
0.0	0.0	0.0	0.0
0.0	0.0	0.0	0.0
0.0	0.0	0.0	0.0
0.0	0.0	0.0	0.0
0.0	0.0	0.0	0.0
0.0	0.0	0.0	0.0
0.0	0.0	0.0	0.0
0.0	0.0	0.0	0.0
0.0	0.0	0.0	0.0
0.0	0.0	0.0	0.0
0.0	0.0	0.0	0.0
0.0	0.0	0.0	0.0
0.0	0.0	0.0	0.0
0.0	0.0	0.0	0.0
0.0	0.0	0.0	0.0
0.0	0.0	0.0	0.0
0.0	0.0	0.0	0.0
0.0	0.0	0.0	0.0
0.0	0.0	0.0	0.0
0.0	0.0	0.0	0.0
0.0	0.0	0.0	0.0
0.0	0.0	0.0	0.0
0.0	0.0	0.0	0.0
0.0	0.0	0.0	0.0
0.0	0.0	0.0	0.0
0.0	0.0	0.0	0.0
0.0	0.0	0.0	0.0
0.0	0.0	0.0	0.0
0.0	0.0	0.0	0.0
0.0	0.0	0.0	0.0
0.0	0.0	0.0	0.0
0.0	0.0	0.0	0.0
0.0	0.0	0.0	0.0
0.0	0.0	0.0	0.0
0.0	0.0	0.0	0.0
0.0	0.0	0.0	0.0
0.0	0.0	0.0	0.0
0.0	0.0	0.0	0.0
0.0	0.0	0.0	0.0
0.0	0.0	0.0	0.0
0.0	0.0	0.0	0.0
0.0	0.0	0.0	0.0
0.0	0.0	0.0	0.0
0.0	0.0	0.0	0.0
0.0	0.0	0.0	0.0
0.0	0.0	0.0	0.0
0.0	0.0	0.0	0.0
0.0	0.0	0.0	0.0
0.0	0.0	0.0	0.0
0.0	0.0	0.0	0.0
0.0	0.0	0.0	0.0
0.0	0.0	0.0	0.0
0.0	0.0	0.0	0.0
0.0	0.0	0.0	0.0
0.0	0.0	0.0	0.0
0.0	0.0	0.0	0.0
0.0	0.0	0.0	0.0
0.0	0.0	0.0	0.0
0.0	0.0	0.0	0.0
0.0	0.0	0.0	0.0
0.0	0.0	0.0	0.0
0.0	0.0	0.0	0.0
0.0	0.0	0.0	0.0
0.0	0.0	0.0	0.0
0.0	0.0	0.0	0.0
0.0	0.0	0.0	0.0
0.0	0.0	0.0	0.0
0.0	0.0	0.0	0.0
0.0	0.0	0.0	0.0
0.0	0.0	0.0	0.0
0.0	0.0	0.0	0.0
0.0	0.0	0.0	0.0
0.0	0.0	0.0	0.0
0.0	0.0	0.0	0.0
0.0	0.0	0.0	0.0
0.0	0.0	0.0	0.0
0.0	0.0	0.0	0.0
0.0	0.0	0.0	0.0
0.0	0.0	0.0	0.0
0.0	0.0	0.0	0.0
0.0	0.0	0.0	0.0
0.0	0.0	0.0	0.0
0.0	0.0	0.0	0.0
0.0	0.0	0.0	0.0
0.0	0.0	0.0	0.0
0.0	0.0	0.0	0.0
0.0	0.0	0.0	0.0
0.0	0.0	0.0	0.0
0.0	0.0	0.0	0.0
0.0	0.0	0.0	0.0
0.0	0.0	0.0	0.0
0.0	0.0	0.0	0.0
0.0	0.0	0.0	0.0
0.0	0.0	0.0	0.0
0.0	0.0	0.0	0.0
0.0	0.0	0.0	0.0
0.0	0.0	0.0	0.0
0.0	0.0	0.0	0.0
0.0	0.0	0.0	0.0
0.0	0.0	0.0	0.0
0.0	0.0	0.0	0.0
0.0	0.0	0.0	0.0
0.0	0.0	0.0	0.0
0.0	0.0	0.0	0.0
0.0	0.0	0.0	0.0
0.0	0.0	0.0	0.0
0.0	0.0	0.0	0.0
0.0	0.0	0.0	0.0
0.0	0.0	0.0	0.0
0.0	0.0	0.0	0.0
0.0	0.0	0.0	0.0
0.0	0.0	0.0	0.0
0.0	0.0	0.0	0.0
0.0	0.0	0.0	0.0
0.0	0.0	0.0	0.0
0.0	0.0	0.0	0.0
0.0	0.0	0.0	0.0
0.0	0.0	0.0	0.0
0.0	0.0	0.0	0.0
0.0	0.0	0.0	0.0
0.0	0.0	0.0	0.0
0.0	0.0	0.0	0.0
0.0	0.0	0.0	0.0
0.0	0.0	0.0	0.0
0.0	0.0	0.0	0.0
0.0	0.0	0.0	0.0
0.0	0.0	0.0	0.0
0.0	0.0	0.0	0.0
0.0	0.0	0.0	0.0
0.0	0.0	0.0	0.0
0.0	0.0	0.0	0.0
0.0	0.0	0.0	0.0
0.0	0.0	0.0	0.0
0.0	0.0	0.0	0.0
0.0	0.0	0.0	0.0
0.0	0.0	0.0	0.0
0.0	0.0	0.0	0.0
0.0	0.0	0.0	0.0
0.0	0.0	0.0	0.0
0.0	0.0	0.0	0.0
0.0	0.0	0.0	0.0
0.0	0.0	0.0	0.0
0.0	0.0	0.0	0.0
0.0	0.0	0.0	0.0
0.0	0.0	0.0	0.0
0.0	0.0	0.0	0.0
0.0	0.0	0.0	0.0
0.0	0.0	0.0	0.0
0.0	0.0	0.0	0.0
0.0	0.0	0.0	0.0
0.0	0.0	0.0	0.0
0.0	0.0	0.0	0.0
0.0	0.0	0.0	0.0
0.92	0.92	0.0	0.0
0.0	0.0	0.0	0.0
0.0	0.0	0.0	0.0
0.0	0.0	0.0	0.0
0.0	0.0	0.0	0.0
0.0	0.0	0.0	0.0
0.0	0.0	0.0	0.0
0.0	0.0	0.0	0.0
0.0	0.0	0.0	0.0
0.0	0.0	0.0	0.0
0.0	0.0	0.0	0.0
0.0	0.0	0.0	0.0
0.0	0.0	0.0	0.0
0.0	0.0	0.0	0.0
0.0	0.0	0.0	0.0
0.0	0.0	0.0	0.0
0.0	0.0	0.0	0.0
0.0	0.0	0.0	0.0
0.0	0.0	0.0	0.0
0.0	0.0	0.0	0.0
0.0	0.0	0.0	0.0
0.0	0.0	0.0	0.0
0.0	0.0	0.0	0.0
0.0	0.0	0.0	0.0
0.0	0.0	0.0	0.0
0.0	0.0	0.0	0.0
0.0	0.0	0.0	0.0
0.0	0.0	0.0	0.0
0.0	0.0	0.0	0.0
0.0	0.0	0.0	0.0
0.0	0.0	0.0	0.0
0.0	0.0	0.0	0.0
0.0	0.0	0.0	0.0
0.0	0.0	0.0	0.0
0.0	0.0	0.0	0.0
0.0	0.0	0.0	0.0
0.0	0.0	0.0	0.0
0.0	0.0	0.0	0.0
0.0	0.0	0.0	0.0
0.0	0.0	0.0	0.0
0.0	0.0	0.0	0.0
0.0	0.0	0.0	0.0
0.0	0.0	0.0	0.0
0.0	0.0	0.0	0.0
0.0	0.0	0.0	0.0
0.0	0.0	0.0	0.0
0.0	0.0	0.0	0.0
0.0	0.0	0.0	0.0
0.0	0.0	0.0	0.0
0.0	0.0	0.0	0.0
0.0	0.0	0.0	0.0
0.0	0.0	0.0	0.0
0.0	0.0	0.0	0.0
0.0	0.0	0.0	0.0
0.0	0.0	0.0	0.0
0.0	0.0	0.0	0.0
0.0	0.0	0.0	0.0
0.0	0.0	0.0	0.0
0.0	0.0	0.0	0.0
0.0	0.0	0.0	0.0
0.0	0.0	0.0	0.0
0.0	0.0	0.0	0.0
0.0	0.0	0.0	0.0
0.0	0.0	0.0	0.0
0.0	0.0	0.0	0.0
0.0	0.0	0.0	0.0
0.0	0.0	0.0	0.0
0.0	0.0	0.0	0.0
0.0	0.0	0.0	0.0
0.0	0.0	0.0	0.0
0.0	0.0	0.0	0.0
0.0	0.0	0.0	0.0
0.0	0.0	0.0	0.0
0.0	0.0	0.0	0.0
0.0	0.0	0.0	0.0
0.0	0.0	0.0	0.0
0.0	0.0	0.0	0.0
0.0	0.0	0.0	0.0
0.0	0.0	0.0	0.0
0.0	0.0	0.0	0.0
0.0	0.0	0.0	0.0
0.0	0.0	0.0	0.0
0.0	0.0	0.0	0.0
0.0	0.0	0.0	0.0
0.0	0.0	0.0	0.0
0.0	0.0	0.0	0.0
0.0	0.0	0.0	0.0
0.0	0.0	0.0	0.0
0.0	0.0	0.0	0.0
0.0	0.0	0.0	0.0
0.0	0.0	0.0	0.0
0.0	0.0	0.0	0.0
0.0	0.0	0.0	0.0
0.0	0.0	0.0	0.0
0.0	0.0	0.0	0.0
0.0	0.0	0.0	0.0
0.0	0.0	0.0	0.0
0.0	0.0	0.0	0.0
0.0	0.0	0.0	0.0
0.0	0.0	0.0	0.0
0.0	0.0	0.0	0.0
0.0	0.0	0.0	0.0
0.0	0.0	0.0	0.0
0.0	0.0	0.0	0.0
0.0	0.0	0.0	0.0
0.0	0.0	0.0	0.0
0.0	0.0	0.0	0.0
0.0	0.0	0.0	0.0
0.0	0.0	0.0	0.0
0.0	0.0	0.0	0.0
0.0	0.0	0.0	0.0
0.0	0.0	0.0	0.0
0.0	0.0	0.0	0.0
0.0	0.0	0.0	0.0
0.0	0.0	0.0	0.0
0.0	0.0	0.0	0.0
0.0	0.0	0.0	0.0
0.0	0.0	0.0	0.0
0.0	0.0	0.0	0.0
0.0	0.0	0.0	0.0
0.0	0.0	0.0	0.0
0.0	0.0	0.0	0.0
0.0	0.0	0.0	0.0
0.0	0.0	0.0	0.0
0.0	0.0	0.0	0.0
0.0	0.0	0.0	0.0
0.0	0.0	0.0	0.0
0.0	0.0	0.0	0.0
0.0	0.0	0.0	0.0
0.0	0.0	0.0	0.0
0.0	0.0	0.0	0.0
0.0	0.0	0.0	0.0
0.0	0.0	0.0	0.0
0.0	0.0	0.0	0.0
0.0	0.0	0.0	0.0
0.0	0.0	0.0	0.0
0.0	0.0	0.0	0.0
0.0	0.0	0.0	0.0
0.0	0.0	0.0	0.0
0.0	0.0	0.0	0.0
0.0	0.0	0.0	0.0
0.0	0.0	0.0	0.0
0.0	0.0	0.0	0.0
0.0	0.0	0.0	0.0
0.0	0.0	0.0	0.0
0.0	0.0	0.0	0.0
0.0	0.0	0.0	0.0
0.0	0.0	0.0	0.0
0.0	0.0	0.0	0.0
0.0	0.0	0.0	0.0
0.0	0.0	0.0	0.0
0.0	0.0	0.0	0.0
0.0	0.0	0.0	0.0
0.0	0.0	0.0	0.0
0.0	0.0	0.0	0.0
0.0	0.0	0.0	0.0
0.0	0.0	0.0	0.0
0.0	0.0	0.0	0.0
0.0	0.0	0.0	0.0
0.0	0.0	0.0	0.0
0.0	0.0	0.0	0.0
0.0	0.0	0.0	0.0
0.0	0.0	0.0	0.0
0.0	0.0	0.0	0.0
0.0	0.0	0.0	0.0
0.0	0.0	0.0	0.0
0.0	0.0	0.0	0.0
0.0	0.0	0.0	0.0
0.0	0.0	0.0	0.0
0.0	0.0	0.0	0.0
0.0	0.0	0.0	0.0
0.0	0.0	0.0	0.0
0.0	0.0	0.0	0.0
0.0	0.0	0.0	0.0
0.0	0.0	0.0	0.0
0.0	0.0	0.0	0.0
0.0	0.0	0.0	0.0
0.0	0.0	0.0	0.0
0.0	0.0	0.0	0.0
0.0	0.0	0.0	0.0
0.0	0.0	0.0	0.0
0.0	0.0	0.0	0.0
0.0	0.0	0.0	0.0
0.0	0.0	0.0	0.0
0.0	0.0	0.0	0.0
0.0	0.0	0.0	0.0
0.0	0.0	0.0	0.0
0.0	0.0	0.0	0.0
0.0	0.0	0.0	0.0
0.0	0.0	0.0	0.0
0.0	0.0	0.0	0.0
0.0	0.0	0.0	0.0
0.0	0.0	0.0	0.0
0.0	0.0	0.0	0.0
0.0	0.0	0.0	0.0
0.0	0.0	0.0	0.0
0.0	0.0	0.0	0.0
0.0	0.0	0.0	0.0
0.0	0.0	0.0	0.0
0.0	0.0	0.0	0.0
0.0	0.0	0.0	0.0
0.0	0.0	0.0	0.0
0.0	0.0	0.0	0.0
0.0	0.0	0.0	0.0
0.0	0.0	0.0	0.0
0.0	0.0	0.0	0.0
0.0	0.0	0.0	0.0
0.0	0.0	0.0	0.0
0.0	0.0	0.0	0.0
0.0	0.0	0.0	0.0
0.0	0.0	0.0	0.0
0.0	0.0	0.0	0.0
0.0	0.0	0.0	0.0
0.0	0.0	0.0	0.0
0.0	0.0	0.0	0.0
0.0	0.0	0.0	0.0
0.0	0.0	0.0	0.0
0.0	0.0	0.0	0.0
0.0	0.0	0.0	0.0
0.0	0.0	0.0	0.0
0.0	0.0	0.0	0.0
0.0	0.0	0.0	0.0
0.0	0.0	0.0	0.0
0.0	0.0	0.0	0.0
0.0	0.0	0.0	0.0
0.0	0.0	0.0	0.0
0.0	0.0	0.0	0.0
0.0	0.0	0.0	0.0
0.0	0.0	0.0	0.0
0.0	0.0	0.0	0.0
0.0	0.0	0.0	0.0
0.0	0.0	0.0	0.0
0.0	0.0	0.0	0.0
0.0	0.0	0.0	0.0
0.0	0.0	0.0	0.0
0.0	0.0	0.0	0.0
0.0	0.0	0.0	0.0
0.0	0.0	0.0	0.0
0.0	0.0	0.0	0.0
0.0	0.0	0.0	0.0
0.0	0.0	0.0	0.0
0.0	0.0	0.0	0.0
0.0	0.0	0.0	0.0
0.0	0.0	0.0	0.0
0.0	0.0	0.0	0.0
0.0	0.0	0.0	0.0
0.0	0.0	0.0	0.0
0.0	0.0	0.0	0.0
0.0	0.0	0.0	0.0
0.0	0.0	0.0	0.0
0.0	0.0	0.0	0.0
0.0	0.0	0.0	0.0
0.0	0.0	0.0	0.0
0.0	0.0	0.0	0.0
0.0	0.0	0.0	0.0
0.0	0.0	0.0	0.0
0.0	0.0	0.0	0.0
0.0	0.0	0.0	0.0
0.0	0.0	0.0	0.0
0.0	0.0	0.0	0.0
0.0	0.0	0.0	0.0
0.0	0.0	0.0	0.0
0.0	0.0	0.0	0.0
0.0	0.0	0.0	0.0
0.0	0.0	0.0	0.0
0.0	0.0	0.0	0.0
0.0	0.0	0.0	0.0
0.0	0.0	0.0	0.0
0.0	0.0	0.0	0.0
0.0	0.0	0.0	0.0
0.0	0.0	0.0	0.0
0.0	0.0	0.0	0.0
0.0	0.0	0.0	0.0
0.0	0.0	0.0	0.0
0.0	0.0	0.0	0.0
0.0	0.0	0.0	0.0
0.0	0.0	0.0	0.0
0.0	0.0	0.0	0.0
0.0	0.0	0.0	0.0
0.0	0.0	0.0	0.0
0.0	0.0	0.0	0.0
0.0	0.0	0.0	0.0
0.0	0.0	0.0	0.0
0.0	0.0	0.0	0.0
0.0	0.0	0.0	0.0
0.0	0.0	0.0	0.0
0.0	0.0	0.0	0.0
0.0	0.0	0.0	0.0
0.0	0.0	0.0	0.0
0.0	0.0	0.0	0.0
0.0	0.0	0.0	0.0
0.0	0.0	0.0	0.0
0.0	0.0	0.0	0.0
0.0	0.0	0.0	0.0
0.0	0.0	0.0	0.0
0.0	0.0	0.0	0.0
0.0	0.0	0.0	0.0
0.0	0.0	0.0	0.0
0.0	0.0	0.0	0.0
0.0	0.0	0.0	0.0
0.0	0.0	0.0	0.0
0.0	0.0	0.0	0.0
0.0	0.0	0.0	0.0
0.0	0.0	0.0	0.0
0.0	0.0	0.0	0.0
0.0	0.0	0.0	0.0
0.0	0.0	0.0	0.0
0.0	0.0	0.0	0.0
0.0	0.0	0.0	0.0
0.0	0.0	0.0	0.0
0.0	0.0	0.0	0.0
0.0	0.0	0.0	0.0
0.0	0.0	0.0	0.0
0.0	0.0	0.0	0.0
0.0	0.0	0.0	0.0
0.0	0.0	0.0	0.0
0.0	0.0	0.0	0.0
0.0	0.0	0.0	0.0
0.0	0.0	0.0	0.0
0.0	0.0	0.0	0.0
0.0	0.0	0.0	0.0
0.0	0.0	0.0	0.0
0.0	0.0	0.0	0.0
0.0	0.0	0.0	0.0
0.0	0.0	0.0	0.0
0.0	0.0	0.0	0.0
0.0	0.0	0.0	0.0
0.0	0.0	0.0	0.0
0.0	0.0	0.0	0.0
0.0	0.0	0.0	0.0
0.0	0.0	0.0	0.0
0.0	0.0	0.0	0.0
0.0	0.0	0.0	0.0
0.0	0.0	0.0	0.0
0.0	0.0	0.0	0.0
0.0	0.0	0.0	0.0
0.0	0.0	0.0	0.0
0.0	0.0	0.0	0.0
0.0	0.0	0.0	0.0
0.0	0.0	0.0	0.0
0.0	0.0	0.0	0.0
0.0	0.0	0.0	0.0
0.0	0.0	0.0	0.0
0.0	0.0	0.0	0.0
0.0	0.0	0.0	0.0
0.0	0.0	0.0	0.0
0.0	0.0	0.0	0.0
0.0	0.0	0.0	0.0
0.0	0.0	0.0	0.0
0.0	0.0	0.0	0.0
0.0	0.0	0.0	0.0
0.0	0.0	0.0	0.0
0.0	0.0	0.0	0.0
0.0	0.0	0.0	0.0
0.0	0.0	0.0	0.0
0.0	0.0	0.0	0.0
0.0	0.0	0.0	0.0
0.0	0.0	0.0	0.0
0.0	0.0	0.0	0.0
0.0	0.0	0.0	0.0
0.0	0.0	0.0	0.0
0.0	0.0	0.0	0.0
0.0	0.0	0.0	0.0
0.0	0.0	0.0	0.0
0.0	0.0	0.0	0.0
0.0	0.0	0.0	0.0
0.0	0.0	0.0	0.0
0.0	0.0	0.0	0.0
0.0	0.0	0.0	0.0
0.0	0.0	0.0	0.0
0.0	0.0	0.0	0.0
0.0	0.0	0.0	0.0
0.0	0.0	0.0	0.0
0.0	0.0	0.0	0.0
0.0	0.0	0.0	0.0
0.0	0.0	0.0	0.0
0.0	0.0	0.0	0.0
0.0	0.0	0.0	0.0
0.0	0.0	0.0	0.0
0.0	0.0	0.0	0.0
0.0	0.0	0.0	0.0
0.0	0.0	0.0	0.0
0.0	0.0	0.0	0.0
0.0	0.0	0.0	0.0
0.0	0.0	0.0	0.0
0.0	0.0	0.0	0.0
0.0	0.0	0.0	0.0
0.0	0.0	0.0	0.0
0.0	0.0	0.0	0.0
0.0	0.0	0.0	0.0
0.0	0.0	0.0	0.0
0.0	0.0	0.0	0.0
0.0	0.0	0.0	0.0
0.0	0.0	0.0	0.0
0.0	0.0	0.0	0.0
0.0	0.0	0.0	0.0
0.0	0.0	0.0	0.0
0.0	0.0	0.0	0.0
0.0	0.0	0.0	0.0
0.0	0.0	0.0	0.0
0.0	0.0	0.0	0.0
0.0	0.0	0.0	0.0
0.0	0.0	0.0	0.0
0.0	0.0	0.0	0.0
0.0	0.0	0.0	0.0
0.0	0.0	0.0	0.0
0.0	0.0	0.0	0.0
0.0	0.0	0.0	0.0
0.0	0.0	0.0	0.0
0.0	0.0	0.0	0.0
0.0	0.0	0.0	0.0
0.0	0.0	0.0	0.0
0.0	0.0	0.0	0.0
0.0	0.0	0.0	0.0
0.0	0.0	0.0	0.0
0.0	0.0	0.0	0.0
0.0	0.0	0.0	0.0
0.0	0.0	0.0	0.0
0.0	0.0	0.0	0.0
0.0	0.0	0.0	0.0
0.0	0.0	0.0	0.0
0.0	0.0	0.0	0.0
0.0	0.0	0.0	0.0
0.0	0.0	0.0	0.0
0.0	0.0	0.0	0.0
0.0	0.0	0.0	0.0
0.0	0.0	0.0	0.0
0.0	0.0	0.0	0.0
0.0	0.0	0.0	0.0
0.0	0.0	0.0	0.0
0.0	0.0	0.0	0.0
0.0	0.0	0.0	0.0
0.0	0.0	0.0	0.0
0.0	0.0	0.0	0.0
0.0	0.0	0.0	0.0
0.0	0.0	0.0	0.0
0.0	0.0	0.0	0.0
0.0	0.0	0.0	0.0
0.0	0.0	0.0	0.0
0.0	0.0	0.0	0.0
0.0	0.0	0.0	0.0
0.0	0.0	0.0	0.0
0.0	0.0	0.0	0.0
0.0	0.0	0.0	0.0
0.0	0.0	0.0	0.0
0.0	0.0	0.0	0.0
0.0	0.0	0.0	0.0
0.0	0.0	0.0	0.0
0.0	0.0	0.0	0.0
0.0	0.0	0.0	0.0
0.0	0.0	0.0	0.0
0.0	0.0	0.0	0.0
0.0	0.0	0.0	0.0
0.0	0.0	0.0	0.0
0.0	0.0	0.0	0.0
0.0	0.0	0.0	0.0
0.0	0.0	0.0	0.0
0.0	0.0	0.0	0.0
0.0	0.0	0.0	0.0
0.0	0.0	0.0	0.0
0.0	0.0	0.0	0.0
0.0	0.0	0.0	0.0
0.0	0.0	0.0	0.0
0.0	0.0	0.0	0.0
0.0	0.0	0.0	0.0
0.0	0.0	0.0	0.0
0.0	0.0	0.0	0.0
0.0	0.0	0.0	0.0
0.0	0.0	0.0	0.0
0.0	0.0	0.0	0.0
0.0	0.0	0.0	0.0
0.0	0.0	0.0	0.0
0.0	0.0	0.0	0.0
0.0	0.0	0.0	0.0
0.0	0.0	0.0	0.0
0.0	0.0	0.0	0.0
0.0	0.0	0.0	0.0
0.0	0.0	0.0	0.0
0.0	0.0	0.0	0.0
0.0	0.0	0.0	0.0
0.0	0.0	0.0	0.0
0.0	0.0	0.0	0.0
0.0	0.0	0.0	0.0
0.0	0.0	0.0	0.0
0.0	0.0	0.0	0.0
0.0	0.0	0.0	0.0
0.0	0.0	0.0	0.0
0.0	0.0	0.0	0.0
0.0	0.0	0.0	0.0
0.0	0.0	0.0	0.0
0.0	0.0	0.0	0.0
0.0	0.0	0.0	0.0
0.0	0.0	0.0	0.0
0.0	0.0	0.0	0.0
0.0	0.0	0.0	0.0
0.0	0.0	0.0	0.0
0.0	0.0	0.0	0.0
0.0	0.0	0.0	0.0
0.0	0.0	0.0	0.0
0.0	0.0	0.0	0.0
0.0	0.0	0.0	0.0
0.0	0.0	0.0	0.0
0.0	0.0	0.0	0.0
0.0	0.0	0.0	0.0
0.0	0.0	0.0	0.0
0.0	0.0	0.0	0.0
0.0	0.0	0.0	0.0
0.0	0.0	0.0	0.0
0.0	0.0	0.0	0.0
0.0	0.0	0.0	0.0
0.0	0.0	0.0	0.0
0.0	0.0	0.0	0.0
0.0	0.0	0.0	0.0
0.0	0.0	0.0	0.0
0.0	0.0	0.0	0.0
0.0	0.0	0.0	0.0
0.0	0.0	0.0	0.0
0.0	0.0	0.0	0.0
0.0	0.0	0.0	0.0
0.0	0.0	0.0	0.0
0.0	0.0	0.0	0.0
0.0	0.0	0.0	0.0
0.0	0.0	0.0	0.0
0.0	0.0	0.0	0.0
0.0	0.0	0.0	0.0
0.0	0.0	0.0	0.0
0.0	0.0	0.0	0.0
0.0	0.0	0.0	0.0
0.0	0.0	0.0	0.0
0.0	0.0	0.0	0.0
0.0	0.0	0.0	0.0
0.0	0.0	0.0	0.0
0.0	0.0	0.0	0.0
0.0	0.0	0.0	0.0
0.0	0.0	0.0	0.0
0.0	0.0	0.0	0.0
0.0	0.0	0.0	0.0
0.0	0.0	0.0	0.0
0.0	0.0	0.0	0.0
0.0	0.0	0.0	0.0
0.0	0.0	0.0	0.0
0.0	0.0	0.0	0.0
0.0	0.0	0.0	0.0
0.0	0.0	0.0	0.0
0.0	0.0	0.0	0.0
0.0	0.0	0.0	0.0
0.0	0.0	0.0	0.0
0.0	0.0	0.0	0.0
0.0	0.0	0.0	0.0
0.0	0.0	0.0	0.0
0.0	0.0	0.0	0.0
0.0	0.0	0.0	0.0
0.0	0.0	0.0	0.0
0.0	0.0	0.0	0.0
0.0	0.0	0.0	0.0
0.0	0.0	0.0	0.0
0.0	0.0	0.0	0.0
0.0	0.0	0.0	0.0
0.0	0.0	0.0	0.0
0.0	0.0	0.0	0.0
0.0	0.0	0.0	0.0
0.0	0.0	0.0	0.0
0.0	0.0	0.0	0.0
0.0	0.0	0.0	0.0
0.0	0.0	0.0	0.0
0.0	0.0	0.0	0.0
0.0	0.0	0.0	0.0
0.0	0.0	0.0	0.0
0.0	0.0	0.0	0.0
0.0	0.0	0.0	0.0
0.0	0.0	0.0	0.0
0.0	0.0	0.0	0.0
0.0	0.0	0.0	0.0
0.0	0.0	0.0	0.0
0.0	0.0	0.0	0.0
0.0	0.0	0.0	0.0
0.0	0.0	0.0	0.0
0.0	0.0	0.0	0.0
0.0	0.0	0.0	0.0
0.0	0.0	0.0	0.0
0.0	0.0	0.0	0.0
0.0	0.0	0.0	0.0
0.0	0.0	0.0	0.0
0.0	0.0	0.0	0.0
0.0	0.0	0.0	0.0
0.0	0.0	0.0	0.0
0.0	0.0	0.0	0.0
0.0	0.0	0.0	0.0
0.0	0.0	0.0	0.0
0.0	0.0	0.0	0.0
0.0	0.0	0.0	0.0
0.0	0.0	0.0	0.0
0.0	0.0	0.0	0.0
0.0	0.0	0.0	0.0
0.0	0.0	0.0	0.0
0.0	0.0	0.0	0.0
0.0	0.0	0.0	0.0
0.0	0.0	0.0	0.0
0.0	0.0	0.0	0.0
0.0	0.0	0.0	0.0
0.0	0.0	0.0	0.0
0.0	0.0	0.0	0.0
0.0	0.0	0.0	0.0
0.0	0.0	0.0	0.0
0.0	0.0	0.0	0.0
0.0	0.0	0.0	0.0
0.0	0.0	0.0	0.0
0.0	0.0	0.0	0.0
0.0	0.0	0.0	0.0
0.0	0.0	0.0	0.0
0.0	0.0	0.0	0.0
0.0	0.0	0.0	0.0
0.0	0.0	0.0	0.0
0.0	0.0	0.0	0.0
0.0	0.0	0.0	0.0
0.0	0.0	0.0	0.0
0.0	0.0	0.0	0.0
0.0	0.0	0.0	0.0
0.0	0.0	0.0	0.0
0.0	0.0	0.0	0.0
0.0	0.0	0.0	0.0
0.0	0.0	0.0	0.0
0.0	0.0	0.0	0.0
0.0	0.0	0.0	0.0
0.0	0.0	0.0	0.0
0.0	0.0	0.0	0.0
0.0	0.0	0.0	0.0
0.0	0.0	0.0	0.0
0.0	0.0	0.0	0.0
0.0	0.0	0.0	0.0
0.0	0.0	0.0	0.0
0.0	0.0	0.0	0.0
0.0	0.0	0.0	0.0
0.0	0.0	0.0	0.0
0.0	0.0	0.0	0.0
0.0	0.0	0.0	0.0
0.0	0.0	0.0	0.0
0.0	0.0	0.0	0.0
0.0	0.0	0.0	0.0
0.0	0.0	0.0	0.0
0.0	0.0	0.0	0.0
0.0	0.0	0.0	0.0
0.0	0.0	0.0	0.0
0.0	0.0	0.0	0.0
0.0	0.0	0.0	0.0
0.0	0.0	0.0	0.0
0.0	0.0	0.0	0.0
0.0	0.0	0.0	0.0
0.0	0.0	0.0	0.0
0.0	0.0	0.0	0.0
0.0	0.0	0.0	0.0
0.0	0.0	0.0	0.0
0.0	0.0	0.0	0.0
0.0	0.0	0.0	0.0
0.0	0.0	0.0	0.0
0.0	0.0	0.0	0.0
0.0	0.0	0.0	0.0
0.0	0.0	0.0	0.0
0.0	0.0	0.0	0.0
0.0	0.0	0.0	0.0
0.0	0.0	0.0	0.0
0.0	0.0	0.0	0.0
0.0	0.0	0.0	0.0
0.0	0.0	0.0	0.0
0.0	0.0	0.0	0.0
0.0	0.0	0.0	0.0
0.0	0.0	0.0	0.0
0.0	0.0	0.0	0.0
0.0	0.0	0.0	0.0
0.0	0.0	0.0	0.0
0.0	0.0	0.0	0.0
0.0	0.0	0.0	0.0
0.0	0.0	0.0	0.0
0.0	0.0	0.0	0.0
0.0	0.0	0.0	0.0
0.0	0.0	0.0	0.0
0.0	0.0	0.0	0.0
0.0	0.0	0.0	0.0
0.0	0.0	0.0	0.0
0.0	0.0	0.0	0.0
0.0	0.0	0.0	0.0
0.0	0.0	0.0	0.0
0.0	0.0	0.0	0.0
0.0	0.0	0.0	0.0
0.0	0.0	0.0	0.0
0.0	0.0	0.0	0.0
0.0	0.0	0.0	0.0
0.0	0.0	0.0	0.0
0.0	0.0	0.0	0.0
0.0	0.0	0.0	0.0
0.0	0.0	0.0	0.0
0.0	0.0	0.0	0.0
0.0	0.0	0.0	0.0
0.0	0.0	0.0	0.0
0.0	0.0	0.0	0.0
0.0	0.0	0.0	0.0
0.0	0.0	0.0	0.0
0.0	0.0	0.0	0.0
0.0	0.0	0.0	0.0
0.0	0.0	0.0	0.0
0.0	0.0	0.0	0.0
0.0	0.0	0.0	0.0
0.0	0.0	0.0	0.0
0.0	0.0	0.0	0.0
0.0	0.0	0.0	0.0
0.0	0.0	0.0	0.0
0.0	0.0	0.0	0.0
0.0	0.0	0.0	0.0
0.0	0.0	0.0	0.0
0.0	0.0	0.0	0.0
0.0	0.0	0.0	0.0
0.0	0.0	0.0	0.0
0.0	0.0	0.0	0.0
0.0	0.0	0.0	0.0
0.0	0.0	0.0	0.0
0.0	0.0	0.0	0.0
0.0	0.0	0.0	0.0
0.0	0.0	0.0	0.0
0.0	0.0	0.0	0.0
0.0	0.0	0.0	0.0
0.0	0.0	0.0	0.0
0.0	0.0	0.0	0.0
0.0	0.0	0.0	0.0
0.0	0.0	0.0	0.0
0.0	0.0	0.0	0.0
0.0	0.0	0.0	0.0
0.0	0.0	0.0	0.0
0.0	0.0	0.0	0.0
0.0	0.0	0.0	0.0
0.0	0.0	0.0	0.0
0.0	0.0	0.0	0.0
0.0	0.0	0.0	0.0
0.0	0.0	0.0	0.0
0.0	0.0	0.0	0.0
0.0	0.0	0.0	0.0
0.0	0.0	0.0	0.0
0.0	0.0	0.0	0.0
0.0	0.0	0.0	0.0
0.0	0.0	0.0	0.0
0.0	0.0	0.0	0.0
0.0	0.0	0.0	0.0
0.0	0.0	0.0	0.0
0.0	0.0	0.0	0.0
0.0	0.0	0.0	0.0
0.0	0.0	0.0	0.0
0.0	0.0	0.0	0.0
0.0	0.0	0.0	0.0
0.0	0.0	0.0	0.0
0.0	0.0	0.0	0.0
0.0	0.0	0.0	0.0
0.0	0.0	0.0	0.0
0.0	0.0	0.0	0.0
0.0	0.0	0.0	0.0
0.0	0.0	0.0	0.0
0.0	0.0	0.0	0.0
0.0	0.0	0.0	0.0
0.0	0.0	0.0	0.0
0.0	0.0	0.0	0.0
0.0	0.0	0.0	0.0
0.0	0.0	0.0	0.0
0.0	0.0	0.0	0.0
0.0	0.0	0.0	0.0
0.0	0.0	0.0	0.0
0.0	0.0	0.0	0.0
0.0	0.0	0.0	0.0
0.0	0.0	0.0	0.0
0.0	0.0	0.0	0.0
0.0	0.0	0.0	0.0
0.0	0.0	0.0	0.0
0.0	0.0	0.0	0.0
0.0	0.0	0.0	0.0
0.0	0.0	0.0	0.0
0.0	0.0	0.0	0.0
0.0	0.0	0.0	0.0
0.0	0.0	0.0	0.0
0.0	0.0	0.0	0.0
0.0	0.0	0.0	0.0
0.0	0.0	0.0	0.0
0.0	0.0	0.0	0.0
0.0	0.0	0.0	0.0
0.0	0.0	0.0	0.0
0.0	0.0	0.0	0.0
0.0	0.0	0.0	0.0
0.0	0.0	0.0	0.0
0.0	0.0	0.0	0.0
0.0	0.0	0.0	0.0
0.0	0.0	0.0	0.0
0.0	0.0	0.0	0.0
0.0	0.0	0.0	0.0
0.0	0.0	0.0	0.0
0.0	0.0	0.0	0.0
0.0	0.0	0.0	0.0
0.0	0.0	0.0	0.0
0.0	0.0	0.0	0.0
0.0	0.0	0.0	0.0
0.0	0.0	0.0	0.0
0.0	0.0	0.0	0.0
0.0	0.0	0.0	0.0
0.0	0.0	0.0	0.0
0.0	0.0	0.0	0.0
0.0	0.0	0.0	0.0
0.0	0.0	0.0	0.0
0.0	0.0	0.0	0.0
0.0	0.0	0.0	0.0
0.0	0.0	0.0	0.0
0.0	0.0	0.0	0.0
0.0	0.0	0.0	0.0
0.0	0.0	0.0	0.0
0.0	0.0	0.0	0.0
0.0	0.0	0.0	0.0
0.0	0.0	0.0	0.0
0.0	0.0	0.0	0.0
0.0	0.0	0.0	0.0
0.0	0.0	0.0	0.0
0.0	0.0	0.0	0.0
0.0	0.0	0.0	0.0
0.0	0.0	0.0	0.0
0.0	0.0	0.0	0.0
0.0	0.0	0.0	0.0
0.0	0.0	0.0	0.0
0.0	0.0	0.0	0.0
0.0	0.0	0.0	0.0
0.0	0.0	0.0	0.0
0.0	0.0	0.0	0.0
0.0	0.0	0.0	0.0
0.0	0.0	0.0	0.0
0.0	0.0	0.0	0.0
0.0	0.0	0.0	0.0
0.0	0.0	0.0	0.0
0.0	0.0	0.0	0.0
0.0	0.0	0.0	0.0
0.0	0.0	0.0	0.0
0.0	0.0	0.0	0.0
0.0	0.0	0.0	0.0
0.0	0.0	0.0	0.0
0.0	0.0	0.0	0.0
0.0	0.0	0.0	0.0
0.0	0.0	0.0	0.0
0.0	0.0	0.0	0.0
0.0	0.0	0.0	0.0
0.0	0.0	0.0	0.0
0.0	0.0	0.0	0.0
0.0	0.0	0.0	0.0
0.0	0.0	0.0	0.0
0.0	0.0	0.0	0.0
0.0	0.0	0.0	0.0
0.0	0.0	0.0	0.0
0.0	0.0	0.0	0.0
0.0	0.0	0.0	0.0
0.0	0.0	0.0	0.0
0.0	0.0	0.0	0.0
0.0	0.0	0.0	0.0
0.0	0.0	0.0	0.0
0.0	0.0	0.0	0.0
0.0	0.0	0.0	0.0
0.0	0.0	0.0	0.0
0.0	0.0	0.0	0.0
0.0	0.0	0.0	0.0
0.0	0.0	0.0	0.0
0.0	0.0	0.0	0.0
0.0	0.0	0.0	0.0
0.0	0.0	0.0	0.0
0.0	0.0	0.0	0.0
0.0	0.0	0.0	0.0
0.0	0.0	0.0	0.0
0.0	0.0	0.0	0.0
0.0	0.0	0.0	0.0
0.0	0.0	0.0	0.0
0.0	0.0	0.0	0.0
0.0	0.0	0.0	0.0
0.0	0.0	0.0	0.0
0.0	0.0	0.0	0.0
0.0	0.0	0.0	0.0
0.0	0.0	0.0	0.0
0.0	0.0	0.0	0.0
0.0	0.0	0.0	0.0
0.0	0.0	0.0	0.0
0.0	0.0	0.0	0.0
0.0	0.0	0.0	0.0
0.0	0.0	0.0	0.0
0.0	0.0	0.0	0.0
0.0	0.0	0.0	0.0
0.0	0.0	0.0	0.0
0.0	0.0	0.0	0.0
0.0	0.0	0.0	0.0
0.0	0.0	0.0	0.0
0.0	0.0	0.0	0.0
0.0	0.0	0.0	0.0
0.0	0.0	0.0	0.0
0.0	0.0	0.0	0.0
0.0	0.0	0.0	0.0
0.0	0.0	0.0	0.0
0.0	0.0	0.0	0.0
0.0	0.0	0.0	0.0
0.0	0.0	0.0	0.0
0.0	0.0	0.0	0.0
0.0	0.0	0.0	0.0
0.0	0.0	0.0	0.0
0.0	0.0	0.0	0.0
0.0	0.0	0.0	0.0
0.0	0.0	0.0	0.0
0.0	0.0	0.0	0.0
0.0	0.0	0.0	0.0
0.0	0.0	0.0	0.0
0.0	0.0	0.0	0.0
0.0	0.0	0.0	0.0
0.0	0.0	0.0	0.0
0.0	0.0	0.0	0.0
0.0	0.0	0.0	0.0
0.0	0.0	0.0	0.0
0.0	0.0	0.0	0.0
0.0	0.0	0.0	0.0
0.0	0.0	0.0	0.0
0.0	0.0	0.0	0.0
0.0	0.0	0.0	0.0
0.0	0.0	0.0	0.0
0.0	0.0	0.0	0.0
0.0	0.0	0.0	0.0
0.0	0.0	0.0	0.0
0.0	0.0	0.0	0.0
0.0	0.0	0.0	0.0
0.0	0.0	0.0	0.0
0.0	0.0	0.0	0.0
0.0	0.0	0.0	0.0
0.0	0.0	0.0	0.0
0.0	0.0	0.0	0.0
0.0	0.0	0.0	0.0
0.0	0.0	0.0	0.0
0.0	0.0	0.0	0.0
0.0	0.0	0.0	0.0
0.0	0.0	0.0	0.0
0.0	0.0	0.0	0.0
0.0	0.0	0.0	0.0
0.0	0.0	0.0	0.0
0.0	0.0	0.0	0.0
0.0	0.0	0.0	0.0
0.0	0.0	0.0	0.0
0.0	0.0	0.0	0.0
0.0	0.0	0.0	0.0
0.0	0.0	0.0	0.0
0.0	0.0	0.0	0.0
0.0	0.0	0.0	0.0
0.0	0.0	0.0	0.0
0.0	0.0	0.0	0.0
0.0	0.0	0.0	0.0
0.0	0.0	0.0	0.0
0.0	0.0	0.0	0.0
0.0	0.0	0.0	0.0
0.0	0.0	0.0	0.0
0.0	0.0	0.0	0.0
0.0	0.0	0.0	0.0
0.0	0.0	0.0	0.0
0.0	0.0	0.0	0.0
0.0	0.0	0.0	0.0
0.0	0.0	0.0	0.0
0.0	0.0	0.0	0.0
0.0	0.0	0.0	0.0
0.0	0.0	0.0	0.0
0.0	0.0	0.0	0.0
0.0	0.0	0.0	0.0
0.0	0.0	0.0	0.0
0.0	0.0	0.0	0.0
0.0	0.0	0.0	0.0
0.0	0.0	0.0	0.0
0.0	0.0	0.0	0.0
0.0	0.0	0.0	0.0
0.0	0.0	0.0	0.0
0.0	0.0	0.0	0.0
0.0	0.0	0.0	0.0
0.0	0.0	0.0	0.0
0.0	0.0	0.0	0.0
0.0	0.0	0.0	0.0
0.0	0.0	0.0	0.0
0.0	0.0	0.0	0.0
0.0	0.0	0.0	0.0
0.0	0.0	0.0	0.0
0.0	0.0	0.0	0.0
0.0	0.0	0.0	0.0
0.0	0.0	0.0	0.0
0.0	0.0	0.0	0.0
0.0	0.0	0.0	0.0
0.0	0.0	0.0	0.0
0.0	0.0	0.0	0.0
0.0	0.0	0.0	0.0
0.0	0.0	0.0	0.0
0.0	0.0	0.0	0.0
0.0	0.0	0.0	0.0
0.0	0.0	0.0	0.0
0.0	0.0	0.0	0.0
0.0	0.0	0.0	0.0
0.0	0.0	0.0	0.0
0.0	0.0	0.0	0.0
0.0	0.0	0.0	0.0
0.0	0.0	0.0	0.0
0.0	0.0	0.0	0.0
0.0	0.0	0.0	0.0
0.0	0.0	0.0	0.0
0.0	0.0	0.0	0.0
0.0	0.0	0.0	0.0
0.0	0.0	0.0	0.0
0.0	0.0	0.0	0.0
0.0	0.0	0.0	0.0
0.0	0.0	0.0	0.0
0.0	0.0	0.0	0.0
0.0	0.0	0.0	0.0
0.0	0.0	0.0	0.0
0.0	0.0	0.0	0.0
0.0	0.0	0.0	0.0
0.0	0.0	0.0	0.0
0.0	0.0	0.0	0.0
0.0	0.0	0.0	0.0
0.0	0.0	0.0	0.0
0.0	0.0	0.0	0.0
0.0	0.0	0.0	0.0
0.0	0.0	0.0	0.0
0.0	0.0	0.0	0.0
0.0	0.0	0.0	0.0
0.0	0.0	0.0	0.0
0.0	0.0	0.0	0.0
0.0	0.0	0.0	0.0
0.0	0.0	0.0	0.0
0.0	0.0	0.0	0.0
0.0	0.0	0.0	0.0
0.0	0.0	0.0	0.0
0.0	0.0	0.0	0.0
0.0	0.0	0.0	0.0
0.0	0.0	0.0	0.0
0.0	0.0	0.0	0.0
0.0	0.0	0.0	0.0
0.0	0.0	0.0	0.0
0.0	0.0	0.0	0.0
0.0	0.0	0.0	0.0
0.0	0.0	0.0	0.0
0.0	0.0	0.0	0.0
0.0	0.0	0.0	0.0
0.0	0.0	0.0	0.0
0.0	0.0	0.0	0.0
0.0	0.0	0.0	0.0
0.0	0.0	0.0	0.0
0.0	0.0	0.0	0.0
0.0	0.0	0.0	0.0
0.0	0.0	0.0	0.0
0.0	0.0	0.0	0.0
0.0	0.0	0.0	0.0
0.0	0.0	0.0	0.0
0.0	0.0	0.0	0.0
0.0	0.0	0.0	0.0
0.0	0.0	0.0	0.0
0.0	0.0	0.0	0.0
0.0	0.0	0.0	0.0
0.0	0.0	0.0	0.0
0.0	0.0	0.0	0.0
0.0	0.0	0.0	0.0
0.0	0.0	0.0	0.0
0.0	0.0	0.0	0.0
0.0	0.0	0.0	0.0
0.0	0.0	0.0	0.0
0.0	0.0	0.0	0.0
0.0	0.0	0.0	0.0
0.0	0.0	0.0	0.0
0.0	0.0	0.0	0.0
0.0	0.0	0.0	0.0
0.0	0.0	0.0	0.0
0.0	0.0	0.0	0.0
0.0	0.0	0.0	0.0
0.0	0.0	0.0	0.0
0.0	0.0	0.0	0.0
0.0	0.0	0.0	0.0
0.0	0.0	0.0	0.0
0.0	0.0	0.0	0.0
0.0	0.0	0.0	0.0
0.0	0.0	0.0	0.0
0.0	0.0	0.0	0.0
0.0	0.0	0.0	0.0
0.0	0.0	0.0	0.0
0.0	0.0	0.0	0.0
0.0	0.0	0.0	0.0
0.0	0.0	0.0	0.0
0.0	0.0	0.0	0.0
0.0	0.0	0.0	0.0
0.0	0.0	0.0	0.0
0.0	0.0	0.0	0.0
0.0	0.0	0.0	0.0
0.0	0.0	0.0	0.0
0.0	0.0	0.0	0.0
0.0	0.0	0.0	0.0
0.0	0.0	0.0	0.0
0.0	0.0	0.0	0.0
0.0	0.0	0.0	0.0
0.0	0.0	0.0	0.0
0.0	0.0	0.0	0.0
0.0	0.0	0.0	0.0
0.0	0.0	0.0	0.0
0.0	0.0	0.0	0.0
0.0	0.0	0.0	0.0
0.0	0.0	0.0	0.0
0.0	0.0	0.0	0.0
0.0	0.0	0.0	0.0
0.0	0.0	0.0	0.0
0.0	0.0	0.0	0.0
0.0	0.0	0.0	0.0
0.0	0.0	0.0	0.0
0.0	0.0	0.0	0.0
0.0	0.0	0.0	0.0
0.0	0.0	0.0	0.0
0.0	0.0	0.0	0.0
0.0	0.0	0.0	0.0
0.0	0.0	0.0	0.0
0.0	0.0	0.0	0.0
0.0	0.0	0.0	0.0
0.0	0.0	0.0	0.0
0.0	0.0	0.0	0.0
0.0	0.0	0.0	0.0
0.0	0.0	0.0	0.0
0.0	0.0	0.0	0.0
0.0	0.0	0.0	0.0
0.0	0.0	0.0	0.0
0.0	0.0	0.0	0.0
0.0	0.0	0.0	0.0
0.0	0.0	0.0	0.0
0.0	0.0	0.0	0.0
0.0	0.0	0.0	0.0
0.0	0.0	0.0	0.0
0.0	0.0	0.0	0.0
0.0	0.0	0.0	0.0
0.0	0.0	0.0	0.0
0.0	0.0	0.0	0.0
0.0	0.0	0.0	0.0
0.0	0.0	0.0	0.0
0.0	0.0	0.0	0.0
0.0	0.0	0.0	0.0
0.0	0.0	0.0	0.0
0.0	0.0	0.0	0.0
0.0	0.0	0.0	0.0
0.0	0.0	0.0	0.0
0.0	0.0	0.0	0.0
0.0	0.0	0.0	0.0
0.0	0.0	0.0	0.0
0.0	0.0	0.0	0.0
0.0	0.0	0.0	0.0
0.0	0.0	0.0	0.0
0.0	0.0	0.0	0.0
0.0	0.0	0.0	0.0
0.0	0.0	0.0	0.0
0.0	0.0	0.0	0.0
0.0	0.0	0.0	0.0
0.0	0.0	0.0	0.0
0.0	0.0	0.0	0.0
0.0	0.0	0.0	0.0
0.0	0.0	0.0	0.0
0.0	0.0	0.0	0.0
0.0	0.0	0.0	0.0
0.0	0.0	0.0	0.0
0.0	0.0	0.0	0.0
0.0	0.0	0.0	0.0
0.0	0.0	0.0	0.0
0.0	0.0	0.0	0.0
0.0	0.0	0.0	0.0
0.0	0.0	0.0	0.0
0.0	0.0	0.0	0.0
0.0	0.0	0.0	0.0
0.0	0.0	0.0	0.0
0.0	0.0	0.0	0.0
0.0	0.0	0.0	0.0
0.0	0.0	0.0	0.0
0.0	0.0	0.0	0.0
0.0	0.0	0.0	0.0
0.0	0.0	0.0	0.0
0.0	0.0	0.0	0.0
0.0	0.0	0.0	0.0
0.0	0.0	0.0	0.0
0.0	0.0	0.0	0.0
0.0	0.0	0.0	0.0
0.0	0.0	0.0	0.0
0.0	0.0	0.0	0.0
0.0	0.0	0.0	0.0
0.0	0.0	0.0	0.0
0.0	0.0	0.0	0.0
0.0	0.0	0.0	0.0
0.0	0.0	0.0	0.0
0.0	0.0	0.0	0.0
0.0	0.0	0.0	0.0
0.0	0.0	0.0	0.0
0.0	0.0	0.0	0.0
0.0	0.0	0.0	0.0
0.0	0.0	0.0	0.0
0.0	0.0	0.0	0.0
0.0	0.0	0.0	0.0
0.0	0.0	0.0	0.0
0.0	0.0	0.0	0.0
0.0	0.0	0.0	0.0
0.0	0.0	0.0	0.0
0.0	0.0	0.0	0.0
0.0	0.0	0.0	0.0
0.0	0.0	0.0	0.0
0.0	0.0	0.0	0.0
0.0	0.0	0.0	0.0
0.0	0.0	0.0	0.0
0.0	0.0	0.0	0.0
0.0	0.0	0.0	0.0
0.0	0.0	0.0	0.0
0.0	0.0	0.0	0.0
0.0	0.0	0.0	0.0
0.0	0.0	0.0	0.0
0.0	0.0	0.0	0.0
0.0	0.0	0.0	0.0
0.0	0.0	0.0	0.0
0.0	0.0	0.0	0.0
0.0	0.0	0.0	0.0
0.0	0.0	0.0	0.0
0.0	0.0	0.0	0.0
0.0	0.0	0.0	0.0
0.0	0.0	0.0	0.0
0.0	0.0	0.0	0.0
0.0	0.0	0.0	0.0
0.0	0.0	0.0	0.0
0.0	0.0	0.0	0.0
0.0	0.0	0.0	0.0
0.0	0.0	0.0	0.0
0.0	0.0	0.0	0.0
0.0	0.0	0.0	0.0
0.0	0.0	0.0	0.0
0.0	0.0	0.0	0.0
0.0	0.0	0.0	0.0
0.0	0.0	0.0	0.0
0.0	0.0	0.0	0.0
0.0	0.0	0.0	0.0
0.0	0.0	0.0	0.0
0.0	0.0	0.0	0.0
0.0	0.0	0.0	0.0
0.0	0.0	0.0	0.0
0.0	0.0	0.0	0.0
0.0	0.0	0.0	0.0
0.0	0.0	0.0	0.0
0.0	0.0	0.0	0.0
0.0	0.0	0.0	0.0
0.0	0.0	0.0	0.0
0.0	0.0	0.0	0.0
0.0	0.0	0.0	0.0
0.0	0.0	0.0	0.0
0.0	0.0	0.0	0.0
0.0	0.0	0.0	0.0
0.0	0.0	0.0	0.0
0.0	0.0	0.0	0.0
0.0	0.0	0.0	0.0
0.0	0.0	0.0	0.0
0.0	0.0	0.0	0.0
0.0	0.0	0.0	0.0
0.0	0.0	0.0	0.0
0.0	0.0	0.0	0.0
0.0	0.0	0.0	0.0
0.0	0.0	0.0	0.0
0.0	0.0	0.0	0.0
0.0	0.0	0.0	0.0
0.0	0.0	0.0	0.0
0.0	0.0	0.0	0.0
0.0	0.0	0.0	0.0
0.0	0.0	0.0	0.0
0.0	0.0	0.0	0.0
0.0	0.0	0.0	0.0
0.0	0.0	0.0	0.0
0.0	0.0	0.0	0.0
0.0	0.0	0.0	0.0
0.0	0.0	0.0	0.0
0.0	0.0	0.0	0.0
0.0	0.0	0.0	0.0
0.0	0.0	0.0	0.0
0.0	0.0	0.0	0.0
0.0	0.0	0.0	0.0
0.0	0.0	0.0	0.0
0.0	0.0	0.0	0.0
0.0	0.0	0.0	0.0
0.0	0.0	0.0	0.0
0.0	0.0	0.0	0.0
0.0	0.0	0.0	0.0
0.0	0.0	0.0	0.0
0.0	0.0	0.0	0.0
0.0	0.0	0.0	0.0
0.0	0.0	0.0	0.0
0.0	0.0	0.0	0.0
0.0	0.0	0.0	0.0
0.0	0.0	0.0	0.0
0.0	0.0	0.0	0.0
0.0	0.0	0.0	0.0
0.0	0.0	0.0	0.0
0.0	0.0	0.0	0.0
0.0	0.0	0.0	0.0
0.0	0.0	0.0	0.0
0.0	0.0	0.0	0.0
0.0	0.0	0.0	0.0
0.0	0.0	0.0	0.0
0.0	0.0	0.0	0.0
0.0	0.0	0.0	0.0
0.0	0.0	0.0	0.0
0.0	0.0	0.0	0.0
0.0	0.0	0.0	0.0
0.0	0.0	0.0	0.0
0.0	0.0	0.0	0.0
0.0	0.0	0.0	0.0
0.0	0.0	0.0	0.0
0.0	0.0	0.0	0.0
0.0	0.0	0.0	0.0
0.0	0.0	0.0	0.0
0.0	0.0	0.0	0.0
0.0	0.0	0.0	0.0
0.0	0.0	0.0	0.0
0.0	0.0	0.0	0.0
0.0	0.0	0.0	0.0
0.0	0.0	0.0	0.0
0.0	0.0	0.0	0.0
0.0	0.0	0.0	0.0
0.0	0.0	0.0	0.0
0.0	0.0	0.0	0.0
0.0	0.0	0.0	0.0
0.0	0.0	0.0	0.0
0.0	0.0	0.0	0.0
0.0	0.0	0.0	0.0
0.0	0.0	0.0	0.0
0.0	0.0	0.0	0.0
0.0	0.0	0.0	0.0
0.0	0.0	0.0	0.0
0.0	0.0	0.0	0.0
0.0	0.0	0.0	0.0
0.0	0.0	0.0	0.0
0.0	0.0	0.0	0.0
0.0	0.0	0.0	0.0
0.0	0.0	0.0	0.0
0.0	0.0	0.0	0.0
0.0	0.0	0.0	0.0
0.0	0.0	0.0	0.0
0.0	0.0	0.0	0.0
0.0	0.0	0.0	0.0
0.0	0.0	0.0	0.0
0.0	0.0	0.0	0.0
0.0	0.0	0.0	0.0
0.0	0.0	0.0	0.0
0.0	0.0	0.0	0.0
0.0	0.0	0.0	0.0
0.0	0.0	0.0	0.0
0.0	0.0	0.0	0.0
0.0	0.0	0.0	0.0
0.0	0.0	0.0	0.0
0.0	0.0	0.0	0.0
0.0	0.0	0.0	0.0
0.0	0.0	0.0	0.0
0.0	0.0	0.0	0.0
0.0	0.0	0.0	0.0
0.0	0.0	0.0	0.0
0.0	0.0	0.0	0.0
0.0	0.0	0.0	0.0
0.0	0.0	0.0	0.0
0.0	0.0	0.0	0.0
0.0	0.0	0.0	0.0
0.0	0.0	0.0	0.0
0.0	0.0	0.0	0.0
0.0	0.0	0.0	0.0
0.0	0.0	0.0	0.0
0.0	0.0	0.0	0.0
0.0	0.0	0.0	0.0
0.0	0.0	0.0	0.0
0.0	0.0	0.0	0.0
0.0	0.0	0.0	0.0
0.0	0.0	0.0	0.0
0.0	0.0	0.0	0.0
0.0	0.0	0.0	0.0
0.0	0.0	0.0	0.0
0.0	0.0	0.0	0.0
0.0	0.0	0.0	0.0
0.0	0.0	0.0	0.0
0.0	0.0	0.0	0.0
0.0	0.0	0.0	0.0
0.0	0.0	0.0	0.0
0.0	0.0	0.0	0.0
0.0	0.0	0.0	0.0
0.0	0.0	0.0	0.0
0.0	0.0	0.0	0.0
0.0	0.0	0.0	0.0
0.0	0.0	0.0	0.0
0.0	0.0	0.0	0.0
0.0	0.0	0.0	0.0
0.0	0.0	0.0	0.0
0.0	0.0	0.0	0.0
0.0	0.0	0.0	0.0
0.0	0.0	0.0	0.0
0.0	0.0	0.0	0.0
0.0	0.0	0.0	0.0
0.0	0.0	0.0	0.0
0.0	0.0	0.0	0.0
0.0	0.0	0.0	0.0
0.0	0.0	0.0	0.0
0.0	0.0	0.0	0.0
0.0	0.0	0.0	0.0
0.0	0.0	0.0	0.0
0.0	0.0	0.0	0.0
0.0	0.0	0.0	0.0
0.0	0.0	0.0	0.0
0.0	0.0	0.0	0.0
0.0	0.0	0.0	0.0
0.0	0.0	0.0	0.0
0.0	0.0	0.0	0.0
0.0	0.0	0.0	0.0
0.0	0.0	0.0	0.0
0.0	0.0	0.0	0.0
0.0	0.0	0.0	0.0
0.0	0.0	0.0	0.0
0.0	0.0	0.0	0.0
0.0	0.0	0.0	0.0
0.0	0.0	0.0	0.0
0.0	0.0	0.0	0.0
0.0	0.0	0.0	0.0
0.0	0.0	0.0	0.0
0.0	0.0	0.0	0.0
0.0	0.0	0.0	0.0
0.0	0.0	0.0	0.0
0.0	0.0	0.0	0.0
0.0	0.0	0.0	0.0
0.0	0.0	0.0	0.0
0.0	0.0	0.0	0.0
0.0	0.0	0.0	0.0
0.0	0.0	0.0	0.0
0.0	0.0	0.0	0.0
0.0	0.0	0.0	0.0
0.0	0.0	0.0	0.0
0.0	0.0	0.0	0.0
0.0	0.0	0.0	0.0
0.0	0.0	0.0	0.0
0.0	0.0	0.0	0.0
0.0	0.0	0.0	0.0
0.0	0.0	0.0	0.0
0.0	0.0	0.0	0.0
0.0	0.0	0.0	0.0
0.0	0.0	0.0	0.0
0.0	0.0	0.0	0.0
0.0	0.0	0.0	0.0
0.0	0.0	0.0	0.0
0.0	0.0	0.0	0.0
0.0	0.0	0.0	0.0
0.0	0.0	0.0	0.0
0.0	0.0	0.0	0.0
0.0	0.0	0.0	0.0
0.0	0.0	0.0	0.0
0.0	0.0	0.0	0.0
0.0	0.0	0.0	0.0
0.0	0.0	0.0	0.0
0.0	0.0	0.0	0.0
0.0	0.0	0.0	0.0
0.0	0.0	0.0	0.0
0.0	0.0	0.0	0.0
0.0	0.0	0.0	0.0
0.0	0.0	0.0	0.0
0.0	0.0	0.0	0.0
0.0	0.0	0.0	0.0
0.0	0.0	0.0	0.0
0.0	0.0	0.0	0.0
0.0	0.0	0.0	0.0
0.0	0.0	0.0	0.0
0.0	0.0	0.0	0.0
0.0	0.0	0.0	0.0
0.0	0.0	0.0	0.0
0.0	0.0	0.0	0.0
0.0	0.0	0.0	0.0
0.0	0.0	0.0	0.0
0.0	0.0	0.0	0.0
0.0	0.0	0.0	0.0
0.0	0.0	0.0	0.0
0.0	0.0	0.0	0.0
0.0	0.0	0.0	0.0
0.0	0.0	0.0	0.0
0.0	0.0	0.0	0.0
0.0	0.0	0.0	0.0
0.0	0.0	0.0	0.0
0.0	0.0	0.0	0.0
0.0	0.0	0.0	0.0
0.0	0.0	0.0	0.0
0.0	0.0	0.0	0.0
0.0	0.0	0.0	0.0
0.0	0.0	0.0	0.0
0.0	0.0	0.0	0.0
0.0	0.0	0.0	0.0
0.0	0.0	0.0	0.0
0.0	0.0	0.0	0.0
0.0	0.0	0.0	0.0
0.0	0.0	0.0	0.0
0.0	0.0	0.0	0.0
0.0	0.0	0.0	0.0
0.0	0.0	0.0	0.0
0.0	0.0	0.0	0.0
0.0	0.0	0.0	0.0
0.0	0.0	0.0	0.0
0.0	0.0	0.0	0.0
0.0	0.0	0.0	0.0
0.0	0.0	0.0	0.0
0.0	0.0	0.0	0.0
0.0	0.0	0.0	0.0
0.0	0.0	0.0	0.0
0.0	0.0	0.0	0.0
0.0	0.0	0.0	0.0
0.0	0.0	0.0	0.0
0.0	0.0	0.0	0.0
0.0	0.0	0.0	0.0
0.0	0.0	0.0	0.0
0.0	0.0	0.0	0.0
0.0	0.0	0.0	0.0
0.0	0.0	0.0	0.0
0.0	0.0	0.0	0.0
0.0	0.0	0.0	0.0
0.0	0.0	0.0	0.0
0.0	0.0	0.0	0.0
0.0	0.0	0.0	0.0
0.0	0.0	0.0	0.0
0.0	0.0	0.0	0.0
0.0	0.0	0.0	0.0
0.0	0.0	0.0	0.0
0.0	0.0	0.0	0.0
0.0	0.0	0.0	0.0
0.0	0.0	0.0	0.0
0.0	0.0	0.0	0.0
0.0	0.0	0.0	0.0
0.0	0.0	0.0	0.0
0.0	0.0	0.0	0.0
0.0	0.0	0.0	0.0
0.0	0.0	0.0	0.0
0.0	0.0	0.0	0.0
0.0	0.0	0.0	0.0
